,time,t_925,t_1000,t_delta,inversion_0/1,data
0,2023-01-01 00:00:00,285.5205,288.55835,3.0378418,1,2023-01-01
1,2023-01-01 06:00:00,285.55542,287.87378,2.3183594,1,2023-01-01
2,2023-01-01 12:00:00,283.87158,288.74414,4.8725586,1,2023-01-01
3,2023-01-01 18:00:00,282.84888,286.1101,3.2612305,1,2023-01-01
4,2023-01-02 00:00:00,282.187,284.41626,2.229248,1,2023-01-02
5,2023-01-02 06:00:00,287.0808,282.6277,-4.453125,0,2023-01-02
6,2023-01-02 12:00:00,285.4038,286.6775,1.2736816,1,2023-01-02
7,2023-01-02 18:00:00,282.50195,284.93994,2.4379883,1,2023-01-02
8,2023-01-03 00:00:00,277.78174,282.89722,5.1154785,1,2023-01-03
9,2023-01-03 06:00:00,274.57812,279.35376,4.775635,1,2023-01-03
10,2023-01-03 12:00:00,272.19507,278.28613,6.0910645,1,2023-01-03
11,2023-01-03 18:00:00,272.21777,276.6709,4.453125,1,2023-01-03
12,2023-01-04 00:00:00,274.511,276.67725,2.1662598,1,2023-01-04
13,2023-01-04 06:00:00,275.35205,276.8733,1.5212402,1,2023-01-04
14,2023-01-04 12:00:00,274.80396,278.90234,4.0983887,1,2023-01-04
15,2023-01-04 18:00:00,278.09497,281.7815,3.6865234,1,2023-01-04
16,2023-01-05 00:00:00,279.17578,283.24585,4.0700684,1,2023-01-05
17,2023-01-05 06:00:00,277.5188,281.70044,4.1816406,1,2023-01-05
18,2023-01-05 12:00:00,275.87207,280.91357,5.041504,1,2023-01-05
19,2023-01-05 18:00:00,272.26636,277.29224,5.025879,1,2023-01-05
20,2023-01-06 00:00:00,271.3286,276.5337,5.205078,1,2023-01-06
21,2023-01-06 06:00:00,270.54346,275.17212,4.628662,1,2023-01-06
22,2023-01-06 12:00:00,275.21216,275.79883,0.5866699,1,2023-01-06
23,2023-01-06 18:00:00,277.51392,280.90454,3.390625,1,2023-01-06
24,2023-01-07 00:00:00,275.8081,280.09448,4.286377,1,2023-01-07
25,2023-01-07 06:00:00,276.08008,278.1438,2.0637207,1,2023-01-07
26,2023-01-07 12:00:00,276.91162,279.89087,2.979248,1,2023-01-07
27,2023-01-07 18:00:00,277.865,279.2693,1.4042969,1,2023-01-07
28,2023-01-08 00:00:00,277.67578,277.59448,-0.08129883,0,2023-01-08
29,2023-01-08 06:00:00,278.50732,276.67725,-1.8300781,0,2023-01-08
30,2023-01-08 12:00:00,280.5122,280.29102,-0.2211914,0,2023-01-08
31,2023-01-08 18:00:00,279.01465,280.12158,1.1069336,1,2023-01-08
32,2023-01-09 00:00:00,277.79907,278.7224,0.92333984,1,2023-01-09
33,2023-01-09 06:00:00,278.2522,277.80054,-0.45166016,0,2023-01-09
34,2023-01-09 12:00:00,277.00684,278.10718,1.1003418,1,2023-01-09
35,2023-01-09 18:00:00,274.63647,279.64868,5.012207,1,2023-01-09
36,2023-01-10 00:00:00,276.18774,278.89722,2.7094727,1,2023-01-10
37,2023-01-10 06:00:00,275.312,277.14404,1.8320312,1,2023-01-10
38,2023-01-10 12:00:00,274.0371,278.6726,4.635498,1,2023-01-10
39,2023-01-10 18:00:00,273.95068,277.44727,3.496582,1,2023-01-10
40,2023-01-11 00:00:00,273.84912,277.39966,3.550537,1,2023-01-11
41,2023-01-11 06:00:00,274.90698,274.76587,-0.14111328,0,2023-01-11
42,2023-01-11 12:00:00,276.43774,277.66016,1.2224121,1,2023-01-11
43,2023-01-11 18:00:00,276.18604,279.385,3.1989746,1,2023-01-11
44,2023-01-12 00:00:00,277.2788,280.00903,2.7302246,1,2023-01-12
45,2023-01-12 06:00:00,275.89648,277.93408,2.0375977,1,2023-01-12
46,2023-01-12 12:00:00,276.8335,281.27197,4.4384766,1,2023-01-12
47,2023-01-12 18:00:00,277.22095,281.75073,4.529785,1,2023-01-12
48,2023-01-13 00:00:00,278.46582,282.40576,3.9399414,1,2023-01-13
49,2023-01-13 06:00:00,278.23804,282.3108,4.072754,1,2023-01-13
50,2023-01-13 12:00:00,278.78857,283.1277,4.3391113,1,2023-01-13
51,2023-01-13 18:00:00,276.7151,280.49023,3.7751465,1,2023-01-13
52,2023-01-14 00:00:00,275.6692,279.15723,3.488037,1,2023-01-14
53,2023-01-14 06:00:00,274.57764,279.30737,4.7297363,1,2023-01-14
54,2023-01-14 12:00:00,274.9458,281.13696,6.191162,1,2023-01-14
55,2023-01-14 18:00:00,276.10522,280.36548,4.260254,1,2023-01-14
56,2023-01-15 00:00:00,276.96582,280.6333,3.6674805,1,2023-01-15
57,2023-01-15 06:00:00,278.8098,282.5603,3.7504883,1,2023-01-15
58,2023-01-15 12:00:00,274.72534,279.88672,5.161377,1,2023-01-15
59,2023-01-15 18:00:00,274.79224,278.94727,4.1550293,1,2023-01-15
60,2023-01-16 00:00:00,274.10742,277.92993,3.8225098,1,2023-01-16
61,2023-01-16 06:00:00,274.2102,276.81714,2.6069336,1,2023-01-16
62,2023-01-16 12:00:00,275.1289,278.52197,3.3930664,1,2023-01-16
63,2023-01-16 18:00:00,274.59766,277.47974,2.88208,1,2023-01-16
64,2023-01-17 00:00:00,274.22656,276.44604,2.2194824,1,2023-01-17
65,2023-01-17 06:00:00,273.9348,276.97827,3.043457,1,2023-01-17
66,2023-01-17 12:00:00,274.46826,279.47192,5.003662,1,2023-01-17
67,2023-01-17 18:00:00,273.16528,277.52246,4.3571777,1,2023-01-17
68,2023-01-18 00:00:00,273.2522,277.31616,4.063965,1,2023-01-18
69,2023-01-18 06:00:00,273.62378,275.448,1.8242188,1,2023-01-18
70,2023-01-18 12:00:00,272.53394,275.51733,2.9833984,1,2023-01-18
71,2023-01-18 18:00:00,272.26123,275.77808,3.5168457,1,2023-01-18
72,2023-01-19 00:00:00,271.48755,274.25146,2.763916,1,2023-01-19
73,2023-01-19 06:00:00,270.4873,273.04077,2.5534668,1,2023-01-19
74,2023-01-19 12:00:00,270.9309,274.21997,3.2890625,1,2023-01-19
75,2023-01-19 18:00:00,269.41235,272.63672,3.2243652,1,2023-01-19
76,2023-01-20 00:00:00,269.06714,272.62866,3.5615234,1,2023-01-20
77,2023-01-20 06:00:00,268.81665,271.4768,2.6601562,1,2023-01-20
78,2023-01-20 12:00:00,268.0979,273.42432,5.326416,1,2023-01-20
79,2023-01-20 18:00:00,267.15845,271.9182,4.7597656,1,2023-01-20
80,2023-01-21 00:00:00,269.27637,270.6538,1.3774414,1,2023-01-21
81,2023-01-21 06:00:00,268.86865,272.38257,3.513916,1,2023-01-21
82,2023-01-21 12:00:00,268.02075,272.60425,4.583496,1,2023-01-21
83,2023-01-21 18:00:00,270.04883,273.156,3.1071777,1,2023-01-21
84,2023-01-22 00:00:00,270.17212,272.7793,2.6071777,1,2023-01-22
85,2023-01-22 06:00:00,270.22437,272.74414,2.5197754,1,2023-01-22
86,2023-01-22 12:00:00,270.6775,272.75,2.0725098,1,2023-01-22
87,2023-01-22 18:00:00,271.01514,272.4873,1.472168,1,2023-01-22
88,2023-01-23 00:00:00,271.15942,271.823,0.6635742,1,2023-01-23
89,2023-01-23 06:00:00,271.0005,270.95508,-0.045410156,0,2023-01-23
90,2023-01-23 12:00:00,270.61914,271.6255,1.0063477,1,2023-01-23
91,2023-01-23 18:00:00,270.09888,271.4209,1.3220215,1,2023-01-23
92,2023-01-24 00:00:00,270.12256,271.5083,1.3857422,1,2023-01-24
93,2023-01-24 06:00:00,269.82422,271.60498,1.7807617,1,2023-01-24
94,2023-01-24 12:00:00,269.59814,271.57935,1.9812012,1,2023-01-24
95,2023-01-24 18:00:00,270.16895,271.8369,1.6679688,1,2023-01-24
96,2023-01-25 00:00:00,270.1714,271.93042,1.7590332,1,2023-01-25
97,2023-01-25 06:00:00,273.87964,272.18018,-1.6994629,0,2023-01-25
98,2023-01-25 12:00:00,272.0647,272.45557,0.39086914,1,2023-01-25
99,2023-01-25 18:00:00,273.03638,272.90405,-0.13232422,0,2023-01-25
100,2023-01-26 00:00:00,268.77002,273.14014,4.370117,1,2023-01-26
101,2023-01-26 06:00:00,268.15234,272.86768,4.715332,1,2023-01-26
102,2023-01-26 12:00:00,268.8557,273.29614,4.4404297,1,2023-01-26
103,2023-01-26 18:00:00,268.53125,272.73828,4.2070312,1,2023-01-26
104,2023-01-27 00:00:00,268.2058,271.91943,3.713623,1,2023-01-27
105,2023-01-27 06:00:00,269.48413,271.62402,2.1398926,1,2023-01-27
106,2023-01-27 12:00:00,268.42285,273.05005,4.6271973,1,2023-01-27
107,2023-01-27 18:00:00,267.57495,272.41724,4.842285,1,2023-01-27
108,2023-01-28 00:00:00,266.91187,270.79907,3.887207,1,2023-01-28
109,2023-01-28 06:00:00,266.66724,270.1919,3.5246582,1,2023-01-28
110,2023-01-28 12:00:00,264.948,270.89038,5.942383,1,2023-01-28
111,2023-01-28 18:00:00,266.83423,271.55273,4.718506,1,2023-01-28
112,2023-01-29 00:00:00,267.68457,271.11353,3.428955,1,2023-01-29
113,2023-01-29 06:00:00,271.15454,271.08105,-0.07348633,0,2023-01-29
114,2023-01-29 12:00:00,270.06616,273.0105,2.944336,1,2023-01-29
115,2023-01-29 18:00:00,271.86426,273.42236,1.5581055,1,2023-01-29
116,2023-01-30 00:00:00,270.51562,273.03662,2.520996,1,2023-01-30
117,2023-01-30 06:00:00,270.3003,273.75732,3.4570312,1,2023-01-30
118,2023-01-30 12:00:00,272.37866,275.31543,2.9367676,1,2023-01-30
119,2023-01-30 18:00:00,272.45312,276.48584,4.032715,1,2023-01-30
120,2023-01-31 00:00:00,271.7693,275.93433,4.165039,1,2023-01-31
121,2023-01-31 06:00:00,270.19434,274.12915,3.9348145,1,2023-01-31
122,2023-01-31 12:00:00,271.23584,277.04565,5.8098145,1,2023-01-31
123,2023-01-31 18:00:00,272.6504,276.08276,3.432373,1,2023-01-31
124,2023-02-01 00:00:00,272.42456,277.03442,4.6098633,1,2023-02-01
125,2023-02-01 06:00:00,271.77563,276.18408,4.4084473,1,2023-02-01
126,2023-02-01 12:00:00,271.93994,276.42285,4.48291,1,2023-02-01
127,2023-02-01 18:00:00,272.47266,276.5769,4.104248,1,2023-02-01
128,2023-02-02 00:00:00,272.33228,276.94873,4.616455,1,2023-02-02
129,2023-02-02 06:00:00,272.45264,276.0952,3.6425781,1,2023-02-02
130,2023-02-02 12:00:00,271.2671,276.03613,4.769043,1,2023-02-02
131,2023-02-02 18:00:00,268.61328,273.54858,4.9353027,1,2023-02-02
132,2023-02-03 00:00:00,269.26025,272.96387,3.7036133,1,2023-02-03
133,2023-02-03 06:00:00,270.88574,273.06543,2.1796875,1,2023-02-03
134,2023-02-03 12:00:00,275.0923,278.46118,3.3688965,1,2023-02-03
135,2023-02-03 18:00:00,273.2527,277.68408,4.4313965,1,2023-02-03
136,2023-02-04 00:00:00,267.68164,272.72363,5.041992,1,2023-02-04
137,2023-02-04 06:00:00,266.9392,270.8723,3.9331055,1,2023-02-04
138,2023-02-04 12:00:00,266.77368,272.49658,5.7229004,1,2023-02-04
139,2023-02-04 18:00:00,266.0188,270.4392,4.42041,1,2023-02-04
140,2023-02-05 00:00:00,265.47925,269.85938,4.380127,1,2023-02-05
141,2023-02-05 06:00:00,264.92285,269.511,4.588135,1,2023-02-05
142,2023-02-05 12:00:00,264.86743,270.44336,5.5759277,1,2023-02-05
143,2023-02-05 18:00:00,264.80322,270.51514,5.711914,1,2023-02-05
144,2023-02-06 00:00:00,264.93408,270.3838,5.449707,1,2023-02-06
145,2023-02-06 06:00:00,265.70435,269.7129,4.008545,1,2023-02-06
146,2023-02-06 12:00:00,264.83862,270.8955,6.056885,1,2023-02-06
147,2023-02-06 18:00:00,266.15552,271.16968,5.01416,1,2023-02-06
148,2023-02-07 00:00:00,266.4336,270.79712,4.3635254,1,2023-02-07
149,2023-02-07 06:00:00,266.8369,270.7234,3.8864746,1,2023-02-07
150,2023-02-07 12:00:00,265.92603,270.89868,4.9726562,1,2023-02-07
151,2023-02-07 18:00:00,267.47974,271.22754,3.7478027,1,2023-02-07
152,2023-02-08 00:00:00,266.93018,270.28345,3.3532715,1,2023-02-08
153,2023-02-08 06:00:00,269.80786,268.93848,-0.86938477,0,2023-02-08
154,2023-02-08 12:00:00,266.70874,270.87476,4.1660156,1,2023-02-08
155,2023-02-08 18:00:00,266.1848,271.5857,5.400879,1,2023-02-08
156,2023-02-09 00:00:00,269.31714,270.4912,1.1740723,1,2023-02-09
157,2023-02-09 06:00:00,272.38403,270.29565,-2.088379,0,2023-02-09
158,2023-02-09 12:00:00,272.2671,273.36597,1.098877,1,2023-02-09
159,2023-02-09 18:00:00,270.98657,273.8418,2.8552246,1,2023-02-09
160,2023-02-10 00:00:00,271.15063,271.9685,0.8178711,1,2023-02-10
161,2023-02-10 06:00:00,270.00928,271.91992,1.9106445,1,2023-02-10
162,2023-02-10 12:00:00,271.9292,274.5984,2.6691895,1,2023-02-10
163,2023-02-10 18:00:00,270.21777,274.5974,4.3796387,1,2023-02-10
164,2023-02-11 00:00:00,271.37622,274.6577,3.2814941,1,2023-02-11
165,2023-02-11 06:00:00,274.14185,275.2644,1.1225586,1,2023-02-11
166,2023-02-11 12:00:00,274.49976,278.07593,3.5761719,1,2023-02-11
167,2023-02-11 18:00:00,275.0337,278.9795,3.9458008,1,2023-02-11
168,2023-02-12 00:00:00,273.8628,277.21582,3.3530273,1,2023-02-12
169,2023-02-12 06:00:00,273.48438,274.8589,1.3745117,1,2023-02-12
170,2023-02-12 12:00:00,274.6753,275.781,1.1057129,1,2023-02-12
171,2023-02-12 18:00:00,272.79785,276.9375,4.1396484,1,2023-02-12
172,2023-02-13 00:00:00,274.10938,277.99268,3.8833008,1,2023-02-13
173,2023-02-13 06:00:00,272.3291,277.10498,4.775879,1,2023-02-13
174,2023-02-13 12:00:00,272.17432,277.9956,5.821289,1,2023-02-13
175,2023-02-13 18:00:00,271.94946,277.12158,5.172119,1,2023-02-13
176,2023-02-14 00:00:00,272.6709,275.65503,2.9841309,1,2023-02-14
177,2023-02-14 06:00:00,273.82007,274.32422,0.5041504,1,2023-02-14
178,2023-02-14 12:00:00,273.79468,276.69995,2.9052734,1,2023-02-14
179,2023-02-14 18:00:00,275.15063,276.78564,1.6350098,1,2023-02-14
180,2023-02-15 00:00:00,276.0454,277.05933,1.013916,1,2023-02-15
181,2023-02-15 06:00:00,278.17236,276.09497,-2.0773926,0,2023-02-15
182,2023-02-15 12:00:00,282.50806,277.33667,-5.1713867,0,2023-02-15
183,2023-02-15 18:00:00,281.9519,278.45898,-3.49292,0,2023-02-15
184,2023-02-16 00:00:00,280.4441,276.1682,-4.275879,0,2023-02-16
185,2023-02-16 06:00:00,279.1411,273.79858,-5.3425293,0,2023-02-16
186,2023-02-16 12:00:00,279.8955,278.8374,-1.0581055,0,2023-02-16
187,2023-02-16 18:00:00,279.36694,277.93286,-1.434082,0,2023-02-16
188,2023-02-17 00:00:00,278.20825,278.47754,0.2692871,1,2023-02-17
189,2023-02-17 06:00:00,276.75415,277.85132,1.097168,1,2023-02-17
190,2023-02-17 12:00:00,277.78955,281.11768,3.328125,1,2023-02-17
191,2023-02-17 18:00:00,279.90137,284.29736,4.395996,1,2023-02-17
192,2023-02-18 00:00:00,274.99512,280.07764,5.0825195,1,2023-02-18
193,2023-02-18 06:00:00,273.47778,278.21338,4.7355957,1,2023-02-18
194,2023-02-18 12:00:00,273.88916,279.31787,5.428711,1,2023-02-18
195,2023-02-18 18:00:00,273.364,275.68164,2.317627,1,2023-02-18
196,2023-02-19 00:00:00,272.0935,275.57642,3.4829102,1,2023-02-19
197,2023-02-19 06:00:00,271.21924,275.29517,4.0759277,1,2023-02-19
198,2023-02-19 12:00:00,271.27075,277.4795,6.20874,1,2023-02-19
199,2023-02-19 18:00:00,270.5569,275.47998,4.9230957,1,2023-02-19
200,2023-02-20 00:00:00,272.4878,274.38623,1.8984375,1,2023-02-20
201,2023-02-20 06:00:00,272.60327,275.13916,2.5358887,1,2023-02-20
202,2023-02-20 12:00:00,275.7212,280.781,5.0598145,1,2023-02-20
203,2023-02-20 18:00:00,277.0625,281.698,4.635498,1,2023-02-20
204,2023-02-21 00:00:00,277.38306,281.70215,4.319092,1,2023-02-21
205,2023-02-21 06:00:00,275.29272,280.40967,5.1169434,1,2023-02-21
206,2023-02-21 12:00:00,274.7815,280.8203,6.0388184,1,2023-02-21
207,2023-02-21 18:00:00,274.13037,279.2954,5.165039,1,2023-02-21
208,2023-02-22 00:00:00,274.14917,277.84888,3.699707,1,2023-02-22
209,2023-02-22 06:00:00,273.16187,274.93237,1.7705078,1,2023-02-22
210,2023-02-22 12:00:00,271.792,277.6714,5.8793945,1,2023-02-22
211,2023-02-22 18:00:00,271.1582,275.23584,4.0776367,1,2023-02-22
212,2023-02-23 00:00:00,272.17773,272.95166,0.7739258,1,2023-02-23
213,2023-02-23 06:00:00,274.63867,272.9978,-1.6408691,0,2023-02-23
214,2023-02-23 12:00:00,278.47925,279.21387,0.73461914,1,2023-02-23
215,2023-02-23 18:00:00,278.60474,280.3391,1.734375,1,2023-02-23
216,2023-02-24 00:00:00,276.36792,280.4265,4.0585938,1,2023-02-24
217,2023-02-24 06:00:00,273.30273,278.93457,5.631836,1,2023-02-24
218,2023-02-24 12:00:00,271.90356,277.42285,5.519287,1,2023-02-24
219,2023-02-24 18:00:00,271.92383,276.69604,4.772217,1,2023-02-24
220,2023-02-25 00:00:00,272.10254,275.6753,3.572754,1,2023-02-25
221,2023-02-25 06:00:00,271.3767,275.09106,3.7143555,1,2023-02-25
222,2023-02-25 12:00:00,271.19946,276.99585,5.7963867,1,2023-02-25
223,2023-02-25 18:00:00,269.69678,274.5066,4.8098145,1,2023-02-25
224,2023-02-26 00:00:00,268.5017,272.72925,4.227539,1,2023-02-26
225,2023-02-26 06:00:00,268.30615,271.48218,3.1760254,1,2023-02-26
226,2023-02-26 12:00:00,268.2478,274.81885,6.571045,1,2023-02-26
227,2023-02-26 18:00:00,267.65356,272.66577,5.012207,1,2023-02-26
228,2023-02-27 00:00:00,268.1748,271.62305,3.4482422,1,2023-02-27
229,2023-02-27 06:00:00,267.865,270.59082,2.72583,1,2023-02-27
230,2023-02-27 12:00:00,268.1814,274.0503,5.8688965,1,2023-02-27
231,2023-02-27 18:00:00,268.15112,273.95605,5.8049316,1,2023-02-27
232,2023-02-28 00:00:00,267.58276,272.94556,5.362793,1,2023-02-28
233,2023-02-28 06:00:00,266.90356,271.91748,5.013916,1,2023-02-28
234,2023-02-28 12:00:00,267.99634,274.00464,6.008301,1,2023-02-28
235,2023-02-28 18:00:00,270.52808,274.4624,3.9343262,1,2023-02-28
236,2023-03-01 00:00:00,271.22363,273.9131,2.6894531,1,2023-03-01
237,2023-03-01 06:00:00,272.11304,273.32812,1.2150879,1,2023-03-01
238,2023-03-01 12:00:00,272.82275,277.05103,4.2282715,1,2023-03-01
239,2023-03-01 18:00:00,273.32812,277.76953,4.4414062,1,2023-03-01
240,2023-03-02 00:00:00,273.01685,276.36572,3.348877,1,2023-03-02
241,2023-03-02 06:00:00,271.54126,272.53857,0.99731445,1,2023-03-02
242,2023-03-02 12:00:00,271.1704,274.4099,3.239502,1,2023-03-02
243,2023-03-02 18:00:00,271.71313,274.83154,3.1184082,1,2023-03-02
244,2023-03-03 00:00:00,271.66724,272.45972,0.79248047,1,2023-03-03
245,2023-03-03 06:00:00,271.46802,270.82397,-0.64404297,0,2023-03-03
246,2023-03-03 12:00:00,272.50806,272.2202,-0.2878418,0,2023-03-03
247,2023-03-03 18:00:00,271.69604,273.82104,2.125,1,2023-03-03
248,2023-03-04 00:00:00,269.32495,273.56763,4.242676,1,2023-03-04
249,2023-03-04 06:00:00,270.86743,274.4358,3.5683594,1,2023-03-04
250,2023-03-04 12:00:00,272.89917,278.34546,5.446289,1,2023-03-04
251,2023-03-04 18:00:00,269.3269,274.2256,4.8986816,1,2023-03-04
252,2023-03-05 00:00:00,268.68677,271.62866,2.9418945,1,2023-03-05
253,2023-03-05 06:00:00,268.19043,271.9358,3.7453613,1,2023-03-05
254,2023-03-05 12:00:00,268.57373,274.5669,5.993164,1,2023-03-05
255,2023-03-05 18:00:00,268.8579,273.6057,4.7478027,1,2023-03-05
256,2023-03-06 00:00:00,268.42285,272.3523,3.9294434,1,2023-03-06
257,2023-03-06 06:00:00,268.73193,271.7224,2.9904785,1,2023-03-06
258,2023-03-06 12:00:00,269.51562,275.03735,5.5217285,1,2023-03-06
259,2023-03-06 18:00:00,269.21875,274.03662,4.817871,1,2023-03-06
260,2023-03-07 00:00:00,269.62476,273.43262,3.8078613,1,2023-03-07
261,2023-03-07 06:00:00,271.08228,271.82446,0.7421875,1,2023-03-07
262,2023-03-07 12:00:00,272.29614,277.35864,5.0625,1,2023-03-07
263,2023-03-07 18:00:00,271.9973,276.63818,4.640869,1,2023-03-07
264,2023-03-08 00:00:00,270.48413,274.18823,3.7041016,1,2023-03-08
265,2023-03-08 06:00:00,269.6123,272.15332,2.5410156,1,2023-03-08
266,2023-03-08 12:00:00,270.1006,276.01392,5.91333,1,2023-03-08
267,2023-03-08 18:00:00,270.7163,274.95947,4.243164,1,2023-03-08
268,2023-03-09 00:00:00,270.47314,273.97437,3.5012207,1,2023-03-09
269,2023-03-09 06:00:00,269.6211,273.3806,3.7595215,1,2023-03-09
270,2023-03-09 12:00:00,269.0498,273.9519,4.9020996,1,2023-03-09
271,2023-03-09 18:00:00,269.00757,273.479,4.4714355,1,2023-03-09
272,2023-03-10 00:00:00,272.58057,274.26562,1.6850586,1,2023-03-10
273,2023-03-10 06:00:00,277.24902,277.771,0.52197266,1,2023-03-10
274,2023-03-10 12:00:00,280.30176,284.5681,4.2663574,1,2023-03-10
275,2023-03-10 18:00:00,279.68726,283.4651,3.777832,1,2023-03-10
276,2023-03-11 00:00:00,277.96802,281.20337,3.2353516,1,2023-03-11
277,2023-03-11 06:00:00,269.29468,273.44434,4.149658,1,2023-03-11
278,2023-03-11 12:00:00,269.17505,274.41138,5.236328,1,2023-03-11
279,2023-03-11 18:00:00,269.42114,274.21875,4.7976074,1,2023-03-11
280,2023-03-12 00:00:00,270.08008,273.58643,3.5063477,1,2023-03-12
281,2023-03-12 06:00:00,268.06787,272.9607,4.8928223,1,2023-03-12
282,2023-03-12 12:00:00,270.96533,277.1416,6.1762695,1,2023-03-12
283,2023-03-12 18:00:00,271.96924,276.58838,4.6191406,1,2023-03-12
284,2023-03-13 00:00:00,273.55225,275.33862,1.786377,1,2023-03-13
285,2023-03-13 06:00:00,277.73486,280.15552,2.4206543,1,2023-03-13
286,2023-03-13 12:00:00,279.12036,283.31567,4.1953125,1,2023-03-13
287,2023-03-13 18:00:00,282.8999,286.3169,3.4169922,1,2023-03-13
288,2023-03-14 00:00:00,283.32812,285.73486,2.4067383,1,2023-03-14
289,2023-03-14 06:00:00,280.85254,283.4082,2.555664,1,2023-03-14
290,2023-03-14 12:00:00,281.6411,287.09155,5.4504395,1,2023-03-14
291,2023-03-14 18:00:00,280.8286,284.88306,4.0544434,1,2023-03-14
292,2023-03-15 00:00:00,271.27368,275.68384,4.4101562,1,2023-03-15
293,2023-03-15 06:00:00,269.88403,273.87622,3.9921875,1,2023-03-15
294,2023-03-15 12:00:00,270.94067,277.5669,6.6262207,1,2023-03-15
295,2023-03-15 18:00:00,271.30005,276.27515,4.9750977,1,2023-03-15
296,2023-03-16 00:00:00,270.69458,273.42798,2.7333984,1,2023-03-16
297,2023-03-16 06:00:00,270.57373,272.1631,1.5893555,1,2023-03-16
298,2023-03-16 12:00:00,271.50586,277.5254,6.0195312,1,2023-03-16
299,2023-03-16 18:00:00,272.4192,278.41113,5.9919434,1,2023-03-16
300,2023-03-17 00:00:00,272.87134,275.89038,3.019043,1,2023-03-17
301,2023-03-17 06:00:00,274.16968,274.20776,0.038085938,1,2023-03-17
302,2023-03-17 12:00:00,277.30615,281.2251,3.9189453,1,2023-03-17
303,2023-03-17 18:00:00,278.15552,280.62622,2.4707031,1,2023-03-17
304,2023-03-18 00:00:00,280.3252,278.61157,-1.713623,0,2023-03-18
305,2023-03-18 06:00:00,280.28174,276.66016,-3.621582,0,2023-03-18
306,2023-03-18 12:00:00,280.9336,284.04395,3.1103516,1,2023-03-18
307,2023-03-18 18:00:00,282.04517,283.22827,1.1831055,1,2023-03-18
308,2023-03-19 00:00:00,282.66528,279.6267,-3.0385742,0,2023-03-19
309,2023-03-19 06:00:00,282.18555,277.1006,-5.084961,0,2023-03-19
310,2023-03-19 12:00:00,282.29175,286.9204,4.628662,1,2023-03-19
311,2023-03-19 18:00:00,282.3213,285.53003,3.2087402,1,2023-03-19
312,2023-03-20 00:00:00,281.0608,282.5481,1.4873047,1,2023-03-20
313,2023-03-20 06:00:00,280.36304,279.35645,-1.0065918,0,2023-03-20
314,2023-03-20 12:00:00,279.6372,286.2002,6.5629883,1,2023-03-20
315,2023-03-20 18:00:00,277.38647,282.5542,5.1677246,1,2023-03-20
316,2023-03-21 00:00:00,276.83228,280.44702,3.614746,1,2023-03-21
317,2023-03-21 06:00:00,275.3794,279.49023,4.11084,1,2023-03-21
318,2023-03-21 12:00:00,276.6731,282.57666,5.9035645,1,2023-03-21
319,2023-03-21 18:00:00,277.45947,282.24365,4.7841797,1,2023-03-21
320,2023-03-22 00:00:00,279.1931,281.42993,2.2368164,1,2023-03-22
321,2023-03-22 06:00:00,279.62134,281.73047,2.1091309,1,2023-03-22
322,2023-03-22 12:00:00,281.15186,286.9348,5.782959,1,2023-03-22
323,2023-03-22 18:00:00,283.40112,287.76733,4.366211,1,2023-03-22
324,2023-03-23 00:00:00,282.90552,286.34277,3.4372559,1,2023-03-23
325,2023-03-23 06:00:00,282.989,285.59033,2.6013184,1,2023-03-23
326,2023-03-23 12:00:00,281.33105,286.60693,5.275879,1,2023-03-23
327,2023-03-23 18:00:00,281.99756,286.5188,4.52124,1,2023-03-23
328,2023-03-24 00:00:00,282.2063,285.70728,3.5009766,1,2023-03-24
329,2023-03-24 06:00:00,282.96997,284.78442,1.8144531,1,2023-03-24
330,2023-03-24 12:00:00,283.82788,289.41772,5.5898438,1,2023-03-24
331,2023-03-24 18:00:00,281.24683,285.9546,4.7077637,1,2023-03-24
332,2023-03-25 00:00:00,281.45874,283.41138,1.9526367,1,2023-03-25
333,2023-03-25 06:00:00,279.3291,282.17383,2.8447266,1,2023-03-25
334,2023-03-25 12:00:00,278.92065,284.75,5.8293457,1,2023-03-25
335,2023-03-25 18:00:00,278.01978,283.1338,5.1140137,1,2023-03-25
336,2023-03-26 00:00:00,277.26782,281.50537,4.237549,1,2023-03-26
337,2023-03-26 06:00:00,275.38965,280.1543,4.7646484,1,2023-03-26
338,2023-03-26 12:00:00,276.87598,282.65137,5.7753906,1,2023-03-26
339,2023-03-26 18:00:00,277.20386,282.5266,5.322754,1,2023-03-26
340,2023-03-27 00:00:00,272.9712,277.52173,4.550537,1,2023-03-27
341,2023-03-27 06:00:00,269.00708,274.5952,5.588135,1,2023-03-27
342,2023-03-27 12:00:00,270.83447,276.61206,5.777588,1,2023-03-27
343,2023-03-27 18:00:00,270.3789,275.2334,4.854492,1,2023-03-27
344,2023-03-28 00:00:00,268.75513,273.38257,4.6274414,1,2023-03-28
345,2023-03-28 06:00:00,266.6504,272.74194,6.0915527,1,2023-03-28
346,2023-03-28 12:00:00,268.01367,274.37866,6.36499,1,2023-03-28
347,2023-03-28 18:00:00,268.88086,274.23633,5.3554688,1,2023-03-28
348,2023-03-29 00:00:00,269.99707,274.073,4.0759277,1,2023-03-29
349,2023-03-29 06:00:00,271.8767,272.32227,0.44555664,1,2023-03-29
350,2023-03-29 12:00:00,274.2942,280.6875,6.3933105,1,2023-03-29
351,2023-03-29 18:00:00,275.3152,279.9297,4.614502,1,2023-03-29
352,2023-03-30 00:00:00,277.7527,278.95728,1.2045898,1,2023-03-30
353,2023-03-30 06:00:00,278.9856,279.4021,0.4165039,1,2023-03-30
354,2023-03-30 12:00:00,280.76978,285.50586,4.736084,1,2023-03-30
355,2023-03-30 18:00:00,281.37524,285.44775,4.07251,1,2023-03-30
356,2023-03-31 00:00:00,280.13843,283.06592,2.9274902,1,2023-03-31
357,2023-03-31 06:00:00,279.72632,282.24292,2.5166016,1,2023-03-31
358,2023-03-31 12:00:00,281.42285,287.09717,5.6743164,1,2023-03-31
359,2023-03-31 18:00:00,279.9414,284.60132,4.659912,1,2023-03-31
360,2023-04-01 00:00:00,278.41943,282.0952,3.6757812,1,2023-04-01
361,2023-04-01 06:00:00,277.73804,281.4397,3.7016602,1,2023-04-01
362,2023-04-01 12:00:00,276.9485,280.79492,3.8464355,1,2023-04-01
363,2023-04-01 18:00:00,273.98975,279.0603,5.0705566,1,2023-04-01
364,2023-04-02 00:00:00,271.24707,275.41846,4.1713867,1,2023-04-02
365,2023-04-02 06:00:00,269.41968,275.19116,5.7714844,1,2023-04-02
366,2023-04-02 12:00:00,271.63892,277.49194,5.8530273,1,2023-04-02
367,2023-04-02 18:00:00,270.27246,276.20117,5.928711,1,2023-04-02
368,2023-04-03 00:00:00,268.85156,272.24463,3.3930664,1,2023-04-03
369,2023-04-03 06:00:00,267.27686,271.781,4.5041504,1,2023-04-03
370,2023-04-03 12:00:00,269.50757,275.58105,6.0734863,1,2023-04-03
371,2023-04-03 18:00:00,268.9641,274.78418,5.8200684,1,2023-04-03
372,2023-04-04 00:00:00,266.88965,271.72827,4.838623,1,2023-04-04
373,2023-04-04 06:00:00,266.3811,270.6355,4.2543945,1,2023-04-04
374,2023-04-04 12:00:00,268.33154,274.52075,6.189209,1,2023-04-04
375,2023-04-04 18:00:00,270.19946,276.06396,5.864502,1,2023-04-04
376,2023-04-05 00:00:00,269.59766,273.88525,4.2875977,1,2023-04-05
377,2023-04-05 06:00:00,268.24048,271.50366,3.2631836,1,2023-04-05
378,2023-04-05 12:00:00,270.08594,276.30005,6.2141113,1,2023-04-05
379,2023-04-05 18:00:00,270.34814,276.07007,5.721924,1,2023-04-05
380,2023-04-06 00:00:00,270.52026,274.07568,3.55542,1,2023-04-06
381,2023-04-06 06:00:00,269.6543,273.13965,3.4853516,1,2023-04-06
382,2023-04-06 12:00:00,271.5337,277.8938,6.3601074,1,2023-04-06
383,2023-04-06 18:00:00,272.6194,278.07642,5.4570312,1,2023-04-06
384,2023-04-07 00:00:00,272.5608,274.73047,2.1696777,1,2023-04-07
385,2023-04-07 06:00:00,274.99365,274.63867,-0.35498047,0,2023-04-07
386,2023-04-07 12:00:00,277.43018,278.08447,0.6542969,1,2023-04-07
387,2023-04-07 18:00:00,278.4392,281.21362,2.774414,1,2023-04-07
388,2023-04-08 00:00:00,275.9585,279.61914,3.6606445,1,2023-04-08
389,2023-04-08 06:00:00,273.46924,276.0901,2.6208496,1,2023-04-08
390,2023-04-08 12:00:00,273.86694,280.22412,6.3571777,1,2023-04-08
391,2023-04-08 18:00:00,277.03882,282.1731,5.1342773,1,2023-04-08
392,2023-04-09 00:00:00,277.9463,280.0464,2.1000977,1,2023-04-09
393,2023-04-09 06:00:00,277.67358,276.5869,-1.0866699,0,2023-04-09
394,2023-04-09 12:00:00,278.24463,281.02026,2.7756348,1,2023-04-09
395,2023-04-09 18:00:00,277.92554,283.4475,5.5219727,1,2023-04-09
396,2023-04-10 00:00:00,278.25317,281.44653,3.1933594,1,2023-04-10
397,2023-04-10 06:00:00,278.23828,279.65698,1.4187012,1,2023-04-10
398,2023-04-10 12:00:00,279.5774,285.4817,5.904297,1,2023-04-10
399,2023-04-10 18:00:00,280.27124,286.24634,5.9750977,1,2023-04-10
400,2023-04-11 00:00:00,281.08105,281.94165,0.8605957,1,2023-04-11
401,2023-04-11 06:00:00,280.83862,281.5786,0.73999023,1,2023-04-11
402,2023-04-11 12:00:00,277.72437,283.64136,5.916992,1,2023-04-11
403,2023-04-11 18:00:00,276.65503,280.9419,4.286865,1,2023-04-11
404,2023-04-12 00:00:00,276.30762,278.69287,2.385254,1,2023-04-12
405,2023-04-12 06:00:00,276.00513,277.51245,1.5073242,1,2023-04-12
406,2023-04-12 12:00:00,277.34204,282.86255,5.520508,1,2023-04-12
407,2023-04-12 18:00:00,278.6914,283.62598,4.9345703,1,2023-04-12
408,2023-04-13 00:00:00,280.98828,281.52393,0.53564453,1,2023-04-13
409,2023-04-13 06:00:00,279.7566,280.62085,0.8642578,1,2023-04-13
410,2023-04-13 12:00:00,278.6211,284.29468,5.673584,1,2023-04-13
411,2023-04-13 18:00:00,279.15674,283.5022,4.345459,1,2023-04-13
412,2023-04-14 00:00:00,279.05493,281.92896,2.8740234,1,2023-04-14
413,2023-04-14 06:00:00,279.906,281.13306,1.2270508,1,2023-04-14
414,2023-04-14 12:00:00,281.55957,287.011,5.451416,1,2023-04-14
415,2023-04-14 18:00:00,282.55933,287.3401,4.7807617,1,2023-04-14
416,2023-04-15 00:00:00,278.96118,283.23828,4.2770996,1,2023-04-15
417,2023-04-15 06:00:00,278.12842,282.05786,3.9294434,1,2023-04-15
418,2023-04-15 12:00:00,278.71118,283.10913,4.397949,1,2023-04-15
419,2023-04-15 18:00:00,278.54956,282.4121,3.8625488,1,2023-04-15
420,2023-04-16 00:00:00,278.4231,280.7505,2.3273926,1,2023-04-16
421,2023-04-16 06:00:00,277.5293,280.79736,3.2680664,1,2023-04-16
422,2023-04-16 12:00:00,277.93018,283.19214,5.261963,1,2023-04-16
423,2023-04-16 18:00:00,278.2146,281.82178,3.6071777,1,2023-04-16
424,2023-04-17 00:00:00,276.93286,278.7578,1.8249512,1,2023-04-17
425,2023-04-17 06:00:00,276.5393,278.34546,1.8061523,1,2023-04-17
426,2023-04-17 12:00:00,277.13354,283.36914,6.2355957,1,2023-04-17
427,2023-04-17 18:00:00,276.70288,281.7207,5.0178223,1,2023-04-17
428,2023-04-18 00:00:00,278.36743,279.02295,0.6555176,1,2023-04-18
429,2023-04-18 06:00:00,278.05615,279.3103,1.2541504,1,2023-04-18
430,2023-04-18 12:00:00,278.22925,284.51196,6.282715,1,2023-04-18
431,2023-04-18 18:00:00,278.97388,283.7456,4.7717285,1,2023-04-18
432,2023-04-19 00:00:00,276.896,278.06396,1.1679688,1,2023-04-19
433,2023-04-19 06:00:00,275.4248,276.79468,1.369873,1,2023-04-19
434,2023-04-19 12:00:00,273.85425,279.49463,5.640381,1,2023-04-19
435,2023-04-19 18:00:00,275.146,279.948,4.802002,1,2023-04-19
436,2023-04-20 00:00:00,278.41772,279.77734,1.3596191,1,2023-04-20
437,2023-04-20 06:00:00,280.18115,279.2444,-0.9367676,0,2023-04-20
438,2023-04-20 12:00:00,280.63403,287.0105,6.376465,1,2023-04-20
439,2023-04-20 18:00:00,283.58398,288.31396,4.7299805,1,2023-04-20
440,2023-04-21 00:00:00,283.4773,283.63916,0.16186523,1,2023-04-21
441,2023-04-21 06:00:00,282.98535,281.79468,-1.1906738,0,2023-04-21
442,2023-04-21 12:00:00,283.19824,289.74463,6.5463867,1,2023-04-21
443,2023-04-21 18:00:00,283.32837,288.33618,5.0078125,1,2023-04-21
444,2023-04-22 00:00:00,282.9192,282.47607,-0.44311523,0,2023-04-22
445,2023-04-22 06:00:00,282.6543,280.98926,-1.6650391,0,2023-04-22
446,2023-04-22 12:00:00,284.57812,291.25732,6.679199,1,2023-04-22
447,2023-04-22 18:00:00,285.33765,288.90796,3.5703125,1,2023-04-22
448,2023-04-23 00:00:00,286.36768,286.61108,0.2434082,1,2023-04-23
449,2023-04-23 06:00:00,286.47217,286.19604,-0.27612305,0,2023-04-23
450,2023-04-23 12:00:00,287.80103,293.708,5.9069824,1,2023-04-23
451,2023-04-23 18:00:00,283.85107,288.54272,4.6916504,1,2023-04-23
452,2023-04-24 00:00:00,284.36304,288.5586,4.1955566,1,2023-04-24
453,2023-04-24 06:00:00,283.51196,286.4995,2.9875488,1,2023-04-24
454,2023-04-24 12:00:00,283.29663,288.8706,5.5739746,1,2023-04-24
455,2023-04-24 18:00:00,281.84912,286.6621,4.8129883,1,2023-04-24
456,2023-04-25 00:00:00,277.5349,282.0498,4.5148926,1,2023-04-25
457,2023-04-25 06:00:00,275.26953,280.9463,5.676758,1,2023-04-25
458,2023-04-25 12:00:00,277.52002,283.22974,5.709717,1,2023-04-25
459,2023-04-25 18:00:00,276.13428,281.71802,5.58374,1,2023-04-25
460,2023-04-26 00:00:00,274.1045,279.1931,5.088623,1,2023-04-26
461,2023-04-26 06:00:00,271.9812,277.61572,5.6345215,1,2023-04-26
462,2023-04-26 12:00:00,274.9126,281.50488,6.592285,1,2023-04-26
463,2023-04-26 18:00:00,274.8579,280.313,5.455078,1,2023-04-26
464,2023-04-27 00:00:00,274.59692,278.10962,3.5126953,1,2023-04-27
465,2023-04-27 06:00:00,273.39355,277.53076,4.137207,1,2023-04-27
466,2023-04-27 12:00:00,275.30396,281.6455,6.3415527,1,2023-04-27
467,2023-04-27 18:00:00,275.22437,281.02075,5.7963867,1,2023-04-27
468,2023-04-28 00:00:00,275.43433,280.28638,4.852051,1,2023-04-28
469,2023-04-28 06:00:00,275.38013,279.4773,4.097168,1,2023-04-28
470,2023-04-28 12:00:00,280.06274,286.6001,6.5373535,1,2023-04-28
471,2023-04-28 18:00:00,282.63037,286.1714,3.5410156,1,2023-04-28
472,2023-04-29 00:00:00,282.8203,283.42993,0.60961914,1,2023-04-29
473,2023-04-29 06:00:00,280.59106,282.15625,1.5651855,1,2023-04-29
474,2023-04-29 12:00:00,281.44873,287.20044,5.751709,1,2023-04-29
475,2023-04-29 18:00:00,280.65918,284.50122,3.842041,1,2023-04-29
476,2023-04-30 00:00:00,278.14038,280.56616,2.4257812,1,2023-04-30
477,2023-04-30 06:00:00,274.4851,278.80835,4.323242,1,2023-04-30
478,2023-04-30 12:00:00,277.30322,283.77295,6.4697266,1,2023-04-30
479,2023-04-30 18:00:00,277.65576,283.54077,5.88501,1,2023-04-30
480,2023-05-01 00:00:00,277.01,279.62183,2.6118164,1,2023-05-01
481,2023-05-01 06:00:00,277.07104,278.56885,1.4978027,1,2023-05-01
482,2023-05-01 12:00:00,281.36328,287.9265,6.5632324,1,2023-05-01
483,2023-05-01 18:00:00,283.802,287.3899,3.5878906,1,2023-05-01
484,2023-05-02 00:00:00,284.39917,285.06494,0.6657715,1,2023-05-02
485,2023-05-02 06:00:00,282.72705,284.24268,1.515625,1,2023-05-02
486,2023-05-02 12:00:00,282.4944,288.87598,6.381592,1,2023-05-02
487,2023-05-02 18:00:00,278.4922,284.62744,6.135254,1,2023-05-02
488,2023-05-03 00:00:00,276.406,280.47485,4.0688477,1,2023-05-03
489,2023-05-03 06:00:00,275.32715,279.13086,3.803711,1,2023-05-03
490,2023-05-03 12:00:00,277.94287,284.28076,6.3378906,1,2023-05-03
491,2023-05-03 18:00:00,278.8584,284.99805,6.1396484,1,2023-05-03
492,2023-05-04 00:00:00,278.38086,283.45728,5.076416,1,2023-05-04
493,2023-05-04 06:00:00,278.1726,282.198,4.0253906,1,2023-05-04
494,2023-05-04 12:00:00,281.09546,287.5315,6.436035,1,2023-05-04
495,2023-05-04 18:00:00,282.1084,288.34546,6.2370605,1,2023-05-04
496,2023-05-05 00:00:00,282.4839,283.84302,1.3591309,1,2023-05-05
497,2023-05-05 06:00:00,281.05933,281.6543,0.5949707,1,2023-05-05
498,2023-05-05 12:00:00,280.79102,287.12256,6.331543,1,2023-05-05
499,2023-05-05 18:00:00,280.0664,284.60132,4.534912,1,2023-05-05
500,2023-05-06 00:00:00,280.67212,281.4331,0.7609863,1,2023-05-06
501,2023-05-06 06:00:00,278.9646,280.7107,1.7460938,1,2023-05-06
502,2023-05-06 12:00:00,277.24268,280.04077,2.7980957,1,2023-05-06
503,2023-05-06 18:00:00,276.36987,280.6858,4.315918,1,2023-05-06
504,2023-05-07 00:00:00,276.99048,279.79712,2.8066406,1,2023-05-07
505,2023-05-07 06:00:00,275.5691,279.12598,3.5568848,1,2023-05-07
506,2023-05-07 12:00:00,277.3994,283.68604,6.286621,1,2023-05-07
507,2023-05-07 18:00:00,277.93042,283.44897,5.5185547,1,2023-05-07
508,2023-05-08 00:00:00,277.92505,280.0376,2.1125488,1,2023-05-08
509,2023-05-08 06:00:00,276.7666,278.4663,1.699707,1,2023-05-08
510,2023-05-08 12:00:00,278.5874,284.98096,6.3935547,1,2023-05-08
511,2023-05-08 18:00:00,279.11108,285.12305,6.011963,1,2023-05-08
512,2023-05-09 00:00:00,279.19507,283.63184,4.4367676,1,2023-05-09
513,2023-05-09 06:00:00,277.97046,280.84302,2.8725586,1,2023-05-09
514,2023-05-09 12:00:00,281.3025,287.76562,6.463135,1,2023-05-09
515,2023-05-09 18:00:00,281.75732,286.83594,5.0786133,1,2023-05-09
516,2023-05-10 00:00:00,282.28076,283.07593,0.795166,1,2023-05-10
517,2023-05-10 06:00:00,282.2212,282.66333,0.44213867,1,2023-05-10
518,2023-05-10 12:00:00,283.97314,290.6494,6.6762695,1,2023-05-10
519,2023-05-10 18:00:00,284.98047,289.36816,4.3876953,1,2023-05-10
520,2023-05-11 00:00:00,284.83594,285.73853,0.9025879,1,2023-05-11
521,2023-05-11 06:00:00,284.1057,283.72314,-0.38256836,0,2023-05-11
522,2023-05-11 12:00:00,284.36572,290.95972,6.593994,1,2023-05-11
523,2023-05-11 18:00:00,284.8452,289.5249,4.6796875,1,2023-05-11
524,2023-05-12 00:00:00,284.6477,284.99365,0.34594727,1,2023-05-12
525,2023-05-12 06:00:00,283.63867,283.69873,0.060058594,1,2023-05-12
526,2023-05-12 12:00:00,284.4214,290.97998,6.5585938,1,2023-05-12
527,2023-05-12 18:00:00,284.69067,290.031,5.340332,1,2023-05-12
528,2023-05-13 00:00:00,284.30835,286.73584,2.4274902,1,2023-05-13
529,2023-05-13 06:00:00,283.55884,284.9453,1.3864746,1,2023-05-13
530,2023-05-13 12:00:00,285.5088,292.1394,6.630615,1,2023-05-13
531,2023-05-13 18:00:00,285.57275,291.18237,5.609619,1,2023-05-13
532,2023-05-14 00:00:00,285.0078,287.91284,2.9050293,1,2023-05-14
533,2023-05-14 06:00:00,284.56787,285.52197,0.95410156,1,2023-05-14
534,2023-05-14 12:00:00,285.261,291.73682,6.47583,1,2023-05-14
535,2023-05-14 18:00:00,285.94482,290.53687,4.592041,1,2023-05-14
536,2023-05-15 00:00:00,284.5537,286.469,1.9152832,1,2023-05-15
537,2023-05-15 06:00:00,283.35352,285.88257,2.5290527,1,2023-05-15
538,2023-05-15 12:00:00,281.50146,286.35474,4.8532715,1,2023-05-15
539,2023-05-15 18:00:00,281.8623,286.16602,4.303711,1,2023-05-15
540,2023-05-16 00:00:00,281.64038,285.2102,3.5698242,1,2023-05-16
541,2023-05-16 06:00:00,280.09717,284.62183,4.524658,1,2023-05-16
542,2023-05-16 12:00:00,282.43115,288.3662,5.9350586,1,2023-05-16
543,2023-05-16 18:00:00,279.51074,285.2998,5.7890625,1,2023-05-16
544,2023-05-17 00:00:00,278.06055,283.18677,5.1262207,1,2023-05-17
545,2023-05-17 06:00:00,276.67896,281.2212,4.5422363,1,2023-05-17
546,2023-05-17 12:00:00,277.94775,284.39014,6.442383,1,2023-05-17
547,2023-05-17 18:00:00,277.70044,283.8667,6.16626,1,2023-05-17
548,2023-05-18 00:00:00,275.09326,280.23706,5.143799,1,2023-05-18
549,2023-05-18 06:00:00,274.90063,279.95825,5.057617,1,2023-05-18
550,2023-05-18 12:00:00,280.00073,286.50073,6.5,1,2023-05-18
551,2023-05-18 18:00:00,280.55615,286.37573,5.81958,1,2023-05-18
552,2023-05-19 00:00:00,280.24927,282.6731,2.4238281,1,2023-05-19
553,2023-05-19 06:00:00,279.1233,281.90576,2.7824707,1,2023-05-19
554,2023-05-19 12:00:00,279.90186,285.6394,5.737549,1,2023-05-19
555,2023-05-19 18:00:00,278.83984,284.5984,5.758545,1,2023-05-19
556,2023-05-20 00:00:00,279.5359,283.14893,3.613037,1,2023-05-20
557,2023-05-20 06:00:00,280.11792,283.4087,3.2907715,1,2023-05-20
558,2023-05-20 12:00:00,283.37354,289.66504,6.291504,1,2023-05-20
559,2023-05-20 18:00:00,286.80103,291.84106,5.040039,1,2023-05-20
560,2023-05-21 00:00:00,289.4419,290.57422,1.1323242,1,2023-05-21
561,2023-05-21 06:00:00,288.48755,289.3916,0.90405273,1,2023-05-21
562,2023-05-21 12:00:00,288.87402,295.5642,6.6901855,1,2023-05-21
563,2023-05-21 18:00:00,288.28662,293.52344,5.2368164,1,2023-05-21
564,2023-05-22 00:00:00,288.22852,289.2444,1.0158691,1,2023-05-22
565,2023-05-22 06:00:00,287.02734,288.03296,1.0056152,1,2023-05-22
566,2023-05-22 12:00:00,288.0298,294.79053,6.760742,1,2023-05-22
567,2023-05-22 18:00:00,288.32153,293.437,5.1154785,1,2023-05-22
568,2023-05-23 00:00:00,287.29468,288.3457,1.0510254,1,2023-05-23
569,2023-05-23 06:00:00,286.7744,288.79834,2.0239258,1,2023-05-23
570,2023-05-23 12:00:00,287.2964,293.93237,6.6359863,1,2023-05-23
571,2023-05-23 18:00:00,287.44678,291.989,4.5422363,1,2023-05-23
572,2023-05-24 00:00:00,285.54224,286.94434,1.4020996,1,2023-05-24
573,2023-05-24 06:00:00,282.41553,283.5232,1.107666,1,2023-05-24
574,2023-05-24 12:00:00,280.12427,283.66357,3.5393066,1,2023-05-24
575,2023-05-24 18:00:00,281.3064,285.2207,3.9143066,1,2023-05-24
576,2023-05-25 00:00:00,281.3181,284.09888,2.7807617,1,2023-05-25
577,2023-05-25 06:00:00,281.76392,285.33765,3.5737305,1,2023-05-25
578,2023-05-25 12:00:00,284.7246,290.97437,6.249756,1,2023-05-25
579,2023-05-25 18:00:00,285.08765,291.2517,6.1640625,1,2023-05-25
580,2023-05-26 00:00:00,282.4873,284.57812,2.0908203,1,2023-05-26
581,2023-05-26 06:00:00,280.93506,283.2434,2.3083496,1,2023-05-26
582,2023-05-26 12:00:00,283.1267,289.71704,6.590332,1,2023-05-26
583,2023-05-26 18:00:00,281.46436,287.66162,6.1972656,1,2023-05-26
584,2023-05-27 00:00:00,279.02832,282.59058,3.5622559,1,2023-05-27
585,2023-05-27 06:00:00,279.4607,282.57227,3.1115723,1,2023-05-27
586,2023-05-27 12:00:00,281.9077,288.43433,6.5266113,1,2023-05-27
587,2023-05-27 18:00:00,282.8806,289.12134,6.2407227,1,2023-05-27
588,2023-05-28 00:00:00,283.13403,287.45166,4.317627,1,2023-05-28
589,2023-05-28 06:00:00,282.89404,284.77417,1.880127,1,2023-05-28
590,2023-05-28 12:00:00,284.74658,291.37183,6.625244,1,2023-05-28
591,2023-05-28 18:00:00,285.88745,292.19385,6.3063965,1,2023-05-28
592,2023-05-29 00:00:00,285.5569,288.43433,2.8774414,1,2023-05-29
593,2023-05-29 06:00:00,284.47266,286.1089,1.6362305,1,2023-05-29
594,2023-05-29 12:00:00,284.90796,291.54492,6.636963,1,2023-05-29
595,2023-05-29 18:00:00,284.86353,290.91675,6.0532227,1,2023-05-29
596,2023-05-30 00:00:00,281.615,284.59448,2.9794922,1,2023-05-30
597,2023-05-30 06:00:00,280.0647,283.98047,3.9157715,1,2023-05-30
598,2023-05-30 12:00:00,283.75122,290.36304,6.6118164,1,2023-05-30
599,2023-05-30 18:00:00,286.11206,292.32178,6.209717,1,2023-05-30
600,2023-05-31 00:00:00,284.79614,285.7417,0.94555664,1,2023-05-31
601,2023-05-31 06:00:00,283.4436,284.3191,0.8754883,1,2023-05-31
602,2023-05-31 12:00:00,285.9048,292.52563,6.6208496,1,2023-05-31
603,2023-05-31 18:00:00,288.4663,294.67993,6.213623,1,2023-05-31
604,2023-06-01 00:00:00,287.75806,289.89404,2.1359863,1,2023-06-01
605,2023-06-01 06:00:00,286.05103,288.32935,2.2783203,1,2023-06-01
606,2023-06-01 12:00:00,286.7876,293.90356,7.115967,1,2023-06-01
607,2023-06-01 18:00:00,284.95947,291.30078,6.3413086,1,2023-06-01
608,2023-06-02 00:00:00,281.82764,284.68945,2.8618164,1,2023-06-02
609,2023-06-02 06:00:00,277.8755,284.1692,6.293701,1,2023-06-02
610,2023-06-02 12:00:00,280.9956,287.7876,6.791992,1,2023-06-02
611,2023-06-02 18:00:00,282.18042,288.43457,6.2541504,1,2023-06-02
612,2023-06-03 00:00:00,278.08032,281.1416,3.0612793,1,2023-06-03
613,2023-06-03 06:00:00,276.99292,280.68652,3.6936035,1,2023-06-03
614,2023-06-03 12:00:00,280.6194,287.1836,6.564209,1,2023-06-03
615,2023-06-03 18:00:00,282.35352,288.64746,6.2939453,1,2023-06-03
616,2023-06-04 00:00:00,281.81372,285.95996,4.14624,1,2023-06-04
617,2023-06-04 06:00:00,281.6477,285.52417,3.8764648,1,2023-06-04
618,2023-06-04 12:00:00,284.69458,291.34082,6.64624,1,2023-06-04
619,2023-06-04 18:00:00,286.14087,292.46826,6.3273926,1,2023-06-04
620,2023-06-05 00:00:00,285.81714,289.24048,3.4233398,1,2023-06-05
621,2023-06-05 06:00:00,285.58545,288.23218,2.6467285,1,2023-06-05
622,2023-06-05 12:00:00,287.84155,294.604,6.762451,1,2023-06-05
623,2023-06-05 18:00:00,289.2068,295.42114,6.2143555,1,2023-06-05
624,2023-06-06 00:00:00,288.83276,291.56958,2.7368164,1,2023-06-06
625,2023-06-06 06:00:00,287.72046,290.76123,3.0407715,1,2023-06-06
626,2023-06-06 12:00:00,288.89453,295.5923,6.697754,1,2023-06-06
627,2023-06-06 18:00:00,290.49097,296.40723,5.91626,1,2023-06-06
628,2023-06-07 00:00:00,290.04468,292.90088,2.8562012,1,2023-06-07
629,2023-06-07 06:00:00,290.0376,292.00146,1.9638672,1,2023-06-07
630,2023-06-07 12:00:00,291.59863,298.60522,7.006592,1,2023-06-07
631,2023-06-07 18:00:00,292.43945,298.40747,5.9680176,1,2023-06-07
632,2023-06-08 00:00:00,291.99512,291.39307,-0.6020508,0,2023-06-08
633,2023-06-08 06:00:00,291.70752,292.11694,0.40942383,1,2023-06-08
634,2023-06-08 12:00:00,292.7915,299.6106,6.819092,1,2023-06-08
635,2023-06-08 18:00:00,292.9812,298.39575,5.414551,1,2023-06-08
636,2023-06-09 00:00:00,291.75073,292.6953,0.9445801,1,2023-06-09
637,2023-06-09 06:00:00,289.7085,293.4348,3.7263184,1,2023-06-09
638,2023-06-09 12:00:00,292.5442,299.59204,7.0478516,1,2023-06-09
639,2023-06-09 18:00:00,292.76514,298.2024,5.437256,1,2023-06-09
640,2023-06-10 00:00:00,291.75708,291.6931,-0.063964844,0,2023-06-10
641,2023-06-10 06:00:00,289.45776,292.03516,2.5773926,1,2023-06-10
642,2023-06-10 12:00:00,290.40234,297.19556,6.793213,1,2023-06-10
643,2023-06-10 18:00:00,288.8396,294.9756,6.1359863,1,2023-06-10
644,2023-06-11 00:00:00,288.00513,289.77832,1.7731934,1,2023-06-11
645,2023-06-11 06:00:00,286.18433,290.18994,4.005615,1,2023-06-11
646,2023-06-11 12:00:00,287.93164,294.71338,6.7817383,1,2023-06-11
647,2023-06-11 18:00:00,287.86792,294.12524,6.257324,1,2023-06-11
648,2023-06-12 00:00:00,287.11426,289.68457,2.5703125,1,2023-06-12
649,2023-06-12 06:00:00,285.32568,289.68262,4.3569336,1,2023-06-12
650,2023-06-12 12:00:00,287.1936,294.0359,6.842285,1,2023-06-12
651,2023-06-12 18:00:00,287.93213,294.2312,6.2990723,1,2023-06-12
652,2023-06-13 00:00:00,286.50684,288.46387,1.9570312,1,2023-06-13
653,2023-06-13 06:00:00,282.3479,286.69897,4.351074,1,2023-06-13
654,2023-06-13 12:00:00,281.042,287.50415,6.462158,1,2023-06-13
655,2023-06-13 18:00:00,282.41846,288.62402,6.2055664,1,2023-06-13
656,2023-06-14 00:00:00,282.4746,285.98193,3.5073242,1,2023-06-14
657,2023-06-14 06:00:00,282.94043,286.1328,3.1923828,1,2023-06-14
658,2023-06-14 12:00:00,284.93384,291.60864,6.6748047,1,2023-06-14
659,2023-06-14 18:00:00,285.1443,290.39478,5.2504883,1,2023-06-14
660,2023-06-15 00:00:00,283.9585,287.98682,4.0283203,1,2023-06-15
661,2023-06-15 06:00:00,282.89404,286.57007,3.6760254,1,2023-06-15
662,2023-06-15 12:00:00,284.17896,290.78247,6.6035156,1,2023-06-15
663,2023-06-15 18:00:00,284.9253,289.76562,4.840332,1,2023-06-15
664,2023-06-16 00:00:00,285.12134,287.0769,1.9555664,1,2023-06-16
665,2023-06-16 06:00:00,284.59448,288.1123,3.5178223,1,2023-06-16
666,2023-06-16 12:00:00,286.93335,293.86035,6.927002,1,2023-06-16
667,2023-06-16 18:00:00,286.2317,292.5564,6.324707,1,2023-06-16
668,2023-06-17 00:00:00,286.21265,287.3579,1.1452637,1,2023-06-17
669,2023-06-17 06:00:00,285.60498,288.58765,2.982666,1,2023-06-17
670,2023-06-17 12:00:00,287.4995,294.46753,6.9680176,1,2023-06-17
671,2023-06-17 18:00:00,287.71558,293.4563,5.7407227,1,2023-06-17
672,2023-06-18 00:00:00,286.43726,288.7185,2.28125,1,2023-06-18
673,2023-06-18 06:00:00,286.3567,289.35132,2.994629,1,2023-06-18
674,2023-06-18 12:00:00,288.24097,295.1953,6.9543457,1,2023-06-18
675,2023-06-18 18:00:00,288.2456,293.81738,5.5717773,1,2023-06-18
676,2023-06-19 00:00:00,288.67676,290.8247,2.1479492,1,2023-06-19
677,2023-06-19 06:00:00,289.54272,292.37402,2.8312988,1,2023-06-19
678,2023-06-19 12:00:00,291.90405,298.78223,6.878174,1,2023-06-19
679,2023-06-19 18:00:00,293.32397,298.99146,5.6674805,1,2023-06-19
680,2023-06-20 00:00:00,293.07495,294.62646,1.5515137,1,2023-06-20
681,2023-06-20 06:00:00,293.3501,294.66748,1.3173828,1,2023-06-20
682,2023-06-20 12:00:00,295.49048,302.54907,7.0585938,1,2023-06-20
683,2023-06-20 18:00:00,296.38525,299.85303,3.4677734,1,2023-06-20
684,2023-06-21 00:00:00,295.20288,295.8318,0.62890625,1,2023-06-21
685,2023-06-21 06:00:00,293.81592,295.77954,1.963623,1,2023-06-21
686,2023-06-21 12:00:00,292.34253,298.68726,6.3447266,1,2023-06-21
687,2023-06-21 18:00:00,291.51807,297.5454,6.0273438,1,2023-06-21
688,2023-06-22 00:00:00,291.27612,293.1057,1.8295898,1,2023-06-22
689,2023-06-22 06:00:00,290.3435,292.396,2.0524902,1,2023-06-22
690,2023-06-22 12:00:00,292.12134,299.0083,6.886963,1,2023-06-22
691,2023-06-22 18:00:00,293.0161,299.0923,6.076172,1,2023-06-22
692,2023-06-23 00:00:00,291.4121,292.44336,1.03125,1,2023-06-23
693,2023-06-23 06:00:00,288.2527,290.85034,2.5976562,1,2023-06-23
694,2023-06-23 12:00:00,286.88086,292.34277,5.461914,1,2023-06-23
695,2023-06-23 18:00:00,287.00586,292.78198,5.776123,1,2023-06-23
696,2023-06-24 00:00:00,286.18335,289.7036,3.5202637,1,2023-06-24
697,2023-06-24 06:00:00,285.58057,289.08276,3.5021973,1,2023-06-24
698,2023-06-24 12:00:00,288.47412,295.1897,6.715576,1,2023-06-24
699,2023-06-24 18:00:00,288.90698,295.12183,6.2148438,1,2023-06-24
700,2023-06-25 00:00:00,287.32764,290.67456,3.3469238,1,2023-06-25
701,2023-06-25 06:00:00,286.82324,290.57642,3.7531738,1,2023-06-25
702,2023-06-25 12:00:00,289.00293,295.81567,6.812744,1,2023-06-25
703,2023-06-25 18:00:00,291.00146,297.12134,6.119873,1,2023-06-25
704,2023-06-26 00:00:00,290.5869,292.67773,2.0908203,1,2023-06-26
705,2023-06-26 06:00:00,289.88574,293.00317,3.1174316,1,2023-06-26
706,2023-06-26 12:00:00,291.86328,298.80518,6.9418945,1,2023-06-26
707,2023-06-26 18:00:00,292.30103,297.85498,5.553955,1,2023-06-26
708,2023-06-27 00:00:00,285.9287,290.6914,4.7626953,1,2023-06-27
709,2023-06-27 06:00:00,283.6289,289.6902,6.0612793,1,2023-06-27
710,2023-06-27 12:00:00,285.54907,292.35742,6.8083496,1,2023-06-27
711,2023-06-27 18:00:00,284.89697,291.115,6.2180176,1,2023-06-27
712,2023-06-28 00:00:00,283.8994,286.69067,2.7912598,1,2023-06-28
713,2023-06-28 06:00:00,282.24585,287.36353,5.117676,1,2023-06-28
714,2023-06-28 12:00:00,284.38574,289.31934,4.9335938,1,2023-06-28
715,2023-06-28 18:00:00,286.28247,291.19385,4.911377,1,2023-06-28
716,2023-06-29 00:00:00,287.2024,288.9795,1.7770996,1,2023-06-29
717,2023-06-29 06:00:00,286.85938,290.19946,3.340088,1,2023-06-29
718,2023-06-29 12:00:00,289.20215,296.16406,6.961914,1,2023-06-29
719,2023-06-29 18:00:00,290.18652,295.68115,5.494629,1,2023-06-29
720,2023-06-30 00:00:00,290.03687,292.39502,2.3581543,1,2023-06-30
721,2023-06-30 06:00:00,290.0061,293.36206,3.355957,1,2023-06-30
722,2023-06-30 12:00:00,289.53223,294.2688,4.7365723,1,2023-06-30
723,2023-06-30 18:00:00,288.2578,291.36523,3.1074219,1,2023-06-30
724,2023-07-01 00:00:00,287.28052,288.75708,1.4765625,1,2023-07-01
725,2023-07-01 06:00:00,286.46216,288.9453,2.4831543,1,2023-07-01
726,2023-07-01 12:00:00,288.15942,294.2395,6.080078,1,2023-07-01
727,2023-07-01 18:00:00,290.34814,296.05078,5.7026367,1,2023-07-01
728,2023-07-02 00:00:00,287.90112,292.6577,4.756592,1,2023-07-02
729,2023-07-02 06:00:00,285.9253,291.07764,5.1523438,1,2023-07-02
730,2023-07-02 12:00:00,288.438,294.52637,6.088379,1,2023-07-02
731,2023-07-02 18:00:00,287.76978,293.5349,5.7651367,1,2023-07-02
732,2023-07-03 00:00:00,286.2827,290.25488,3.972168,1,2023-07-03
733,2023-07-03 06:00:00,285.9475,290.31006,4.362549,1,2023-07-03
734,2023-07-03 12:00:00,288.22485,294.41968,6.194824,1,2023-07-03
735,2023-07-03 18:00:00,287.8164,293.5725,5.7561035,1,2023-07-03
736,2023-07-04 00:00:00,287.3899,289.69336,2.3034668,1,2023-07-04
737,2023-07-04 06:00:00,287.7002,292.04614,4.3459473,1,2023-07-04
738,2023-07-04 12:00:00,289.18164,296.1416,6.959961,1,2023-07-04
739,2023-07-04 18:00:00,288.761,294.5442,5.783203,1,2023-07-04
740,2023-07-05 00:00:00,287.6316,289.6101,1.9785156,1,2023-07-05
741,2023-07-05 06:00:00,289.5149,291.9602,2.4453125,1,2023-07-05
742,2023-07-05 12:00:00,292.98706,299.0713,6.0842285,1,2023-07-05
743,2023-07-05 18:00:00,290.1067,293.50024,3.3935547,1,2023-07-05
744,2023-07-06 00:00:00,287.56738,290.46313,2.895752,1,2023-07-06
745,2023-07-06 06:00:00,285.16406,289.5913,4.427246,1,2023-07-06
746,2023-07-06 12:00:00,287.34863,294.06592,6.717285,1,2023-07-06
747,2023-07-06 18:00:00,287.6377,293.83984,6.2021484,1,2023-07-06
748,2023-07-07 00:00:00,287.20947,291.09277,3.8833008,1,2023-07-07
749,2023-07-07 06:00:00,286.54346,290.32178,3.7783203,1,2023-07-07
750,2023-07-07 12:00:00,289.25854,295.95825,6.699707,1,2023-07-07
751,2023-07-07 18:00:00,290.55493,296.979,6.4240723,1,2023-07-07
752,2023-07-08 00:00:00,290.58228,294.27075,3.6884766,1,2023-07-08
753,2023-07-08 06:00:00,290.93335,293.13184,2.1984863,1,2023-07-08
754,2023-07-08 12:00:00,292.99023,299.78003,6.789795,1,2023-07-08
755,2023-07-08 18:00:00,292.938,298.77612,5.838135,1,2023-07-08
756,2023-07-09 00:00:00,291.89868,292.11304,0.21435547,1,2023-07-09
757,2023-07-09 06:00:00,290.2998,290.89917,0.59936523,1,2023-07-09
758,2023-07-09 12:00:00,291.36426,298.1267,6.762451,1,2023-07-09
759,2023-07-09 18:00:00,292.35474,298.41968,6.0649414,1,2023-07-09
760,2023-07-10 00:00:00,292.85815,294.63525,1.7770996,1,2023-07-10
761,2023-07-10 06:00:00,292.1416,293.3894,1.2478027,1,2023-07-10
762,2023-07-10 12:00:00,293.69678,300.4248,6.7280273,1,2023-07-10
763,2023-07-10 18:00:00,293.26392,297.86694,4.6030273,1,2023-07-10
764,2023-07-11 00:00:00,288.7461,290.9961,2.25,1,2023-07-11
765,2023-07-11 06:00:00,287.1372,290.87793,3.7407227,1,2023-07-11
766,2023-07-11 12:00:00,290.386,297.33838,6.9523926,1,2023-07-11
767,2023-07-11 18:00:00,292.2517,298.57007,6.3183594,1,2023-07-11
768,2023-07-12 00:00:00,292.7119,293.31714,0.6052246,1,2023-07-12
769,2023-07-12 06:00:00,294.4297,294.88696,0.4572754,1,2023-07-12
770,2023-07-12 12:00:00,291.91943,296.46582,4.5463867,1,2023-07-12
771,2023-07-12 18:00:00,292.89258,298.86914,5.9765625,1,2023-07-12
772,2023-07-13 00:00:00,291.81396,293.17188,1.3579102,1,2023-07-13
773,2023-07-13 06:00:00,289.35718,292.20435,2.847168,1,2023-07-13
774,2023-07-13 12:00:00,289.8369,296.77686,6.9399414,1,2023-07-13
775,2023-07-13 18:00:00,290.92212,296.78857,5.866455,1,2023-07-13
776,2023-07-14 00:00:00,288.25146,290.85425,2.6027832,1,2023-07-14
777,2023-07-14 06:00:00,285.1819,289.92773,4.7458496,1,2023-07-14
778,2023-07-14 12:00:00,288.60107,295.40796,6.806885,1,2023-07-14
779,2023-07-14 18:00:00,290.011,296.44214,6.4311523,1,2023-07-14
780,2023-07-15 00:00:00,291.7141,292.07227,0.3581543,1,2023-07-15
781,2023-07-15 06:00:00,292.45044,294.13257,1.6821289,1,2023-07-15
782,2023-07-15 12:00:00,296.42603,303.53345,7.107422,1,2023-07-15
783,2023-07-15 18:00:00,298.72437,304.2063,5.4819336,1,2023-07-15
784,2023-07-16 00:00:00,300.27734,300.115,-0.16235352,0,2023-07-16
785,2023-07-16 06:00:00,292.15454,296.93262,4.778076,1,2023-07-16
786,2023-07-16 12:00:00,292.7434,299.60986,6.866455,1,2023-07-16
787,2023-07-16 18:00:00,294.26807,300.09937,5.831299,1,2023-07-16
788,2023-07-17 00:00:00,292.49072,294.86572,2.375,1,2023-07-17
789,2023-07-17 06:00:00,291.6084,295.84204,4.2336426,1,2023-07-17
790,2023-07-17 12:00:00,292.68384,299.87842,7.19458,1,2023-07-17
791,2023-07-17 18:00:00,292.19238,298.24023,6.0478516,1,2023-07-17
792,2023-07-18 00:00:00,287.28467,291.92603,4.6413574,1,2023-07-18
793,2023-07-18 06:00:00,284.6477,289.2224,4.574707,1,2023-07-18
794,2023-07-18 12:00:00,287.7268,294.44946,6.7226562,1,2023-07-18
795,2023-07-18 18:00:00,288.82056,295.12598,6.30542,1,2023-07-18
796,2023-07-19 00:00:00,288.71875,291.489,2.7702637,1,2023-07-19
797,2023-07-19 06:00:00,288.74854,292.40674,3.6582031,1,2023-07-19
798,2023-07-19 12:00:00,290.59912,297.26172,6.6625977,1,2023-07-19
799,2023-07-19 18:00:00,288.64917,293.48877,4.8395996,1,2023-07-19
800,2023-07-20 00:00:00,286.40747,290.1338,3.7263184,1,2023-07-20
801,2023-07-20 06:00:00,284.40283,288.729,4.326172,1,2023-07-20
802,2023-07-20 12:00:00,285.7068,292.22046,6.513672,1,2023-07-20
803,2023-07-20 18:00:00,286.70605,292.89136,6.1853027,1,2023-07-20
804,2023-07-21 00:00:00,286.09912,288.68115,2.5820312,1,2023-07-21
805,2023-07-21 06:00:00,284.69702,289.29785,4.60083,1,2023-07-21
806,2023-07-21 12:00:00,287.93555,294.6582,6.7226562,1,2023-07-21
807,2023-07-21 18:00:00,288.62964,294.2202,5.590576,1,2023-07-21
808,2023-07-22 00:00:00,285.65283,289.46216,3.8093262,1,2023-07-22
809,2023-07-22 06:00:00,284.31494,288.62817,4.3132324,1,2023-07-22
810,2023-07-22 12:00:00,286.18848,293.29077,7.102295,1,2023-07-22
811,2023-07-22 18:00:00,286.41162,292.54175,6.130127,1,2023-07-22
812,2023-07-23 00:00:00,287.5879,289.30322,1.715332,1,2023-07-23
813,2023-07-23 06:00:00,288.09375,292.29053,4.1967773,1,2023-07-23
814,2023-07-23 12:00:00,289.41797,296.03076,6.612793,1,2023-07-23
815,2023-07-23 18:00:00,294.18555,299.41992,5.234375,1,2023-07-23
816,2023-07-24 00:00:00,289.42017,293.98364,4.5634766,1,2023-07-24
817,2023-07-24 06:00:00,289.90674,293.17188,3.2651367,1,2023-07-24
818,2023-07-24 12:00:00,294.53394,300.7273,6.1933594,1,2023-07-24
819,2023-07-24 18:00:00,292.96313,298.23047,5.267334,1,2023-07-24
820,2023-07-25 00:00:00,290.19336,292.802,2.6086426,1,2023-07-25
821,2023-07-25 06:00:00,285.09814,289.90894,4.810791,1,2023-07-25
822,2023-07-25 12:00:00,286.5547,292.5056,5.9509277,1,2023-07-25
823,2023-07-25 18:00:00,287.42627,293.28687,5.8605957,1,2023-07-25
824,2023-07-26 00:00:00,285.1599,289.06494,3.9050293,1,2023-07-26
825,2023-07-26 06:00:00,283.70923,287.6609,3.9516602,1,2023-07-26
826,2023-07-26 12:00:00,284.761,290.87744,6.116455,1,2023-07-26
827,2023-07-26 18:00:00,285.70093,291.6704,5.9694824,1,2023-07-26
828,2023-07-27 00:00:00,284.25854,286.60034,2.3417969,1,2023-07-27
829,2023-07-27 06:00:00,283.5437,288.08594,4.5422363,1,2023-07-27
830,2023-07-27 12:00:00,287.16748,293.50122,6.33374,1,2023-07-27
831,2023-07-27 18:00:00,286.7798,292.79468,6.0148926,1,2023-07-27
832,2023-07-28 00:00:00,284.84424,289.2146,4.3703613,1,2023-07-28
833,2023-07-28 06:00:00,286.26953,289.19434,2.9248047,1,2023-07-28
834,2023-07-28 12:00:00,288.05957,293.85303,5.793457,1,2023-07-28
835,2023-07-28 18:00:00,288.0857,293.29346,5.2077637,1,2023-07-28
836,2023-07-29 00:00:00,287.77563,291.5835,3.8078613,1,2023-07-29
837,2023-07-29 06:00:00,288.5769,290.36133,1.7844238,1,2023-07-29
838,2023-07-29 12:00:00,291.65405,297.84668,6.192627,1,2023-07-29
839,2023-07-29 18:00:00,288.90967,293.42725,4.517578,1,2023-07-29
840,2023-07-30 00:00:00,287.7815,290.75537,2.973877,1,2023-07-30
841,2023-07-30 06:00:00,288.58765,291.17017,2.5825195,1,2023-07-30
842,2023-07-30 12:00:00,290.52954,296.80298,6.2734375,1,2023-07-30
843,2023-07-30 18:00:00,290.208,295.92847,5.720459,1,2023-07-30
844,2023-07-31 00:00:00,286.9131,289.94946,3.036377,1,2023-07-31
845,2023-07-31 06:00:00,285.50317,289.90137,4.3981934,1,2023-07-31
846,2023-07-31 12:00:00,285.85742,290.91772,5.0603027,1,2023-07-31
847,2023-07-31 18:00:00,288.4585,294.11572,5.6572266,1,2023-07-31
848,2023-08-01 00:00:00,288.98682,292.64307,3.65625,1,2023-08-01
849,2023-08-01 06:00:00,287.03882,290.86377,3.8249512,1,2023-08-01
850,2023-08-01 12:00:00,287.9939,292.9651,4.9711914,1,2023-08-01
851,2023-08-01 18:00:00,287.84375,292.62012,4.776367,1,2023-08-01
852,2023-08-02 00:00:00,286.84033,290.3318,3.491455,1,2023-08-02
853,2023-08-02 06:00:00,285.54492,289.6372,4.092285,1,2023-08-02
854,2023-08-02 12:00:00,288.948,294.89307,5.9450684,1,2023-08-02
855,2023-08-02 18:00:00,290.56226,295.8833,5.321045,1,2023-08-02
856,2023-08-03 00:00:00,289.34277,293.36743,4.024658,1,2023-08-03
857,2023-08-03 06:00:00,288.16406,293.19214,5.028076,1,2023-08-03
858,2023-08-03 12:00:00,289.90625,295.80054,5.894287,1,2023-08-03
859,2023-08-03 18:00:00,290.44897,295.94507,5.4960938,1,2023-08-03
860,2023-08-04 00:00:00,287.87524,292.72974,4.854492,1,2023-08-04
861,2023-08-04 06:00:00,285.8169,291.57642,5.7595215,1,2023-08-04
862,2023-08-04 12:00:00,288.26074,294.71313,6.4523926,1,2023-08-04
863,2023-08-04 18:00:00,288.5232,294.40332,5.880127,1,2023-08-04
864,2023-08-05 00:00:00,288.33862,290.4441,2.1054688,1,2023-08-05
865,2023-08-05 06:00:00,287.79028,290.4712,2.6809082,1,2023-08-05
866,2023-08-05 12:00:00,286.77173,293.27344,6.501709,1,2023-08-05
867,2023-08-05 18:00:00,286.93042,291.1079,4.17749,1,2023-08-05
868,2023-08-06 00:00:00,285.8496,288.69482,2.8452148,1,2023-08-06
869,2023-08-06 06:00:00,285.25635,288.57764,3.321289,1,2023-08-06
870,2023-08-06 12:00:00,285.92236,289.4585,3.5361328,1,2023-08-06
871,2023-08-06 18:00:00,283.11597,287.71484,4.598877,1,2023-08-06
872,2023-08-07 00:00:00,283.09668,287.60596,4.5092773,1,2023-08-07
873,2023-08-07 06:00:00,283.0183,287.13672,4.118408,1,2023-08-07
874,2023-08-07 12:00:00,285.58862,291.50586,5.9172363,1,2023-08-07
875,2023-08-07 18:00:00,285.11914,290.69873,5.57959,1,2023-08-07
876,2023-08-08 00:00:00,282.44482,287.90283,5.458008,1,2023-08-08
877,2023-08-08 06:00:00,281.16846,286.52466,5.356201,1,2023-08-08
878,2023-08-08 12:00:00,284.25684,290.5681,6.3112793,1,2023-08-08
879,2023-08-08 18:00:00,284.18262,288.35205,4.1694336,1,2023-08-08
880,2023-08-09 00:00:00,283.6145,286.26465,2.6501465,1,2023-08-09
881,2023-08-09 06:00:00,282.4226,286.2937,3.8710938,1,2023-08-09
882,2023-08-09 12:00:00,283.53906,290.12378,6.584717,1,2023-08-09
883,2023-08-09 18:00:00,284.59155,290.40527,5.8137207,1,2023-08-09
884,2023-08-10 00:00:00,284.19775,287.78687,3.5891113,1,2023-08-10
885,2023-08-10 06:00:00,284.12158,286.8728,2.7512207,1,2023-08-10
886,2023-08-10 12:00:00,285.1255,291.51538,6.3898926,1,2023-08-10
887,2023-08-10 18:00:00,285.58545,291.81665,6.231201,1,2023-08-10
888,2023-08-11 00:00:00,285.7295,290.0078,4.2783203,1,2023-08-11
889,2023-08-11 06:00:00,285.24902,288.69214,3.4431152,1,2023-08-11
890,2023-08-11 12:00:00,287.40088,293.90527,6.5043945,1,2023-08-11
891,2023-08-11 18:00:00,288.97827,294.79883,5.8205566,1,2023-08-11
892,2023-08-12 00:00:00,289.50708,291.18506,1.6779785,1,2023-08-12
893,2023-08-12 06:00:00,289.78613,290.02222,0.23608398,1,2023-08-12
894,2023-08-12 12:00:00,291.87134,298.54614,6.6748047,1,2023-08-12
895,2023-08-12 18:00:00,293.87158,297.81323,3.9416504,1,2023-08-12
896,2023-08-13 00:00:00,295.44507,294.94458,-0.5004883,0,2023-08-13
897,2023-08-13 06:00:00,290.40405,293.0056,2.6015625,1,2023-08-13
898,2023-08-13 12:00:00,290.5332,297.25073,6.7175293,1,2023-08-13
899,2023-08-13 18:00:00,291.09326,296.93335,5.840088,1,2023-08-13
900,2023-08-14 00:00:00,292.76196,293.32812,0.5661621,1,2023-08-14
901,2023-08-14 06:00:00,292.01245,292.7688,0.75634766,1,2023-08-14
902,2023-08-14 12:00:00,294.51318,301.26782,6.7546387,1,2023-08-14
903,2023-08-14 18:00:00,295.01123,301.08105,6.069824,1,2023-08-14
904,2023-08-15 00:00:00,296.4165,296.68164,0.26513672,1,2023-08-15
905,2023-08-15 06:00:00,295.97583,295.04736,-0.9284668,0,2023-08-15
906,2023-08-15 12:00:00,296.82715,303.4944,6.6672363,1,2023-08-15
907,2023-08-15 18:00:00,297.40552,302.3462,4.940674,1,2023-08-15
908,2023-08-16 00:00:00,297.55737,295.9629,-1.5944824,0,2023-08-16
909,2023-08-16 06:00:00,296.635,293.7373,-2.897705,0,2023-08-16
910,2023-08-16 12:00:00,294.0603,300.77417,6.713867,1,2023-08-16
911,2023-08-16 18:00:00,293.58447,297.70703,4.1225586,1,2023-08-16
912,2023-08-17 00:00:00,292.04126,291.86743,-0.17382812,0,2023-08-17
913,2023-08-17 06:00:00,291.5515,290.20776,-1.34375,0,2023-08-17
914,2023-08-17 12:00:00,290.0642,296.86987,6.805664,1,2023-08-17
915,2023-08-17 18:00:00,292.11157,297.82642,5.7148438,1,2023-08-17
916,2023-08-18 00:00:00,294.91943,293.0879,-1.831543,0,2023-08-18
917,2023-08-18 06:00:00,293.41675,293.94287,0.52612305,1,2023-08-18
918,2023-08-18 12:00:00,293.7483,298.58374,4.835449,1,2023-08-18
919,2023-08-18 18:00:00,293.5774,298.08643,4.509033,1,2023-08-18
920,2023-08-19 00:00:00,292.58594,294.7151,2.1291504,1,2023-08-19
921,2023-08-19 06:00:00,292.54736,293.54468,0.99731445,1,2023-08-19
922,2023-08-19 12:00:00,293.3103,300.0681,6.7578125,1,2023-08-19
923,2023-08-19 18:00:00,294.37842,300.66675,6.28833,1,2023-08-19
924,2023-08-20 00:00:00,294.76855,298.20923,3.4406738,1,2023-08-20
925,2023-08-20 06:00:00,294.52954,296.7085,2.178955,1,2023-08-20
926,2023-08-20 12:00:00,295.70923,302.44922,6.73999,1,2023-08-20
927,2023-08-20 18:00:00,294.19434,300.03003,5.8356934,1,2023-08-20
928,2023-08-21 00:00:00,292.49878,293.14185,0.6430664,1,2023-08-21
929,2023-08-21 06:00:00,290.77905,291.54565,0.76660156,1,2023-08-21
930,2023-08-21 12:00:00,290.66235,297.3086,6.64624,1,2023-08-21
931,2023-08-21 18:00:00,291.12183,297.28516,6.16333,1,2023-08-21
932,2023-08-22 00:00:00,288.60547,291.32373,2.7182617,1,2023-08-22
933,2023-08-22 06:00:00,287.9419,290.2168,2.2749023,1,2023-08-22
934,2023-08-22 12:00:00,291.06177,295.6831,4.621338,1,2023-08-22
935,2023-08-22 18:00:00,288.9109,291.8999,2.9890137,1,2023-08-22
936,2023-08-23 00:00:00,288.59326,290.39697,1.8037109,1,2023-08-23
937,2023-08-23 06:00:00,288.66748,290.17676,1.5092773,1,2023-08-23
938,2023-08-23 12:00:00,289.6892,296.4436,6.7543945,1,2023-08-23
939,2023-08-23 18:00:00,291.32886,297.37915,6.050293,1,2023-08-23
940,2023-08-24 00:00:00,290.50537,292.79492,2.2895508,1,2023-08-24
941,2023-08-24 06:00:00,289.4265,290.7295,1.3029785,1,2023-08-24
942,2023-08-24 12:00:00,290.2649,297.0232,6.758301,1,2023-08-24
943,2023-08-24 18:00:00,291.62354,297.37378,5.750244,1,2023-08-24
944,2023-08-25 00:00:00,292.98682,293.56445,0.5776367,1,2023-08-25
945,2023-08-25 06:00:00,293.4685,294.0581,0.5895996,1,2023-08-25
946,2023-08-25 12:00:00,294.67407,300.97095,6.296875,1,2023-08-25
947,2023-08-25 18:00:00,293.6526,298.07568,4.4230957,1,2023-08-25
948,2023-08-26 00:00:00,293.82593,297.64722,3.821289,1,2023-08-26
949,2023-08-26 06:00:00,291.81226,294.59033,2.7780762,1,2023-08-26
950,2023-08-26 12:00:00,290.55933,297.05396,6.494629,1,2023-08-26
951,2023-08-26 18:00:00,290.864,296.21338,5.349365,1,2023-08-26
952,2023-08-27 00:00:00,289.0918,292.84375,3.7519531,1,2023-08-27
953,2023-08-27 06:00:00,288.73364,291.36035,2.626709,1,2023-08-27
954,2023-08-27 12:00:00,288.92114,293.97388,5.0527344,1,2023-08-27
955,2023-08-27 18:00:00,287.59937,292.07935,4.4799805,1,2023-08-27
956,2023-08-28 00:00:00,287.12646,289.6421,2.515625,1,2023-08-28
957,2023-08-28 06:00:00,285.6621,288.49048,2.8283691,1,2023-08-28
958,2023-08-28 12:00:00,284.3684,290.68066,6.312256,1,2023-08-28
959,2023-08-28 18:00:00,284.60303,289.44214,4.8391113,1,2023-08-28
960,2023-08-29 00:00:00,284.23022,286.87793,2.647705,1,2023-08-29
961,2023-08-29 06:00:00,285.12183,288.08105,2.9592285,1,2023-08-29
962,2023-08-29 12:00:00,285.0293,289.57056,4.54126,1,2023-08-29
963,2023-08-29 18:00:00,285.21997,289.64673,4.426758,1,2023-08-29
964,2023-08-30 00:00:00,285.11572,288.30615,3.1904297,1,2023-08-30
965,2023-08-30 06:00:00,284.40527,288.36572,3.9604492,1,2023-08-30
966,2023-08-30 12:00:00,283.91846,288.6394,4.7209473,1,2023-08-30
967,2023-08-30 18:00:00,284.34546,289.28613,4.940674,1,2023-08-30
968,2023-08-31 00:00:00,284.6582,288.51733,3.8591309,1,2023-08-31
969,2023-08-31 06:00:00,285.02026,287.48853,2.4682617,1,2023-08-31
970,2023-08-31 12:00:00,283.1045,288.53516,5.430664,1,2023-08-31
971,2023-08-31 18:00:00,284.2339,288.75195,4.5180664,1,2023-08-31
972,2023-09-01 00:00:00,282.72998,286.04858,3.3186035,1,2023-09-01
973,2023-09-01 06:00:00,282.92212,285.52612,2.604004,1,2023-09-01
974,2023-09-01 12:00:00,285.02954,291.6665,6.636963,1,2023-09-01
975,2023-09-01 18:00:00,286.0083,291.35376,5.345459,1,2023-09-01
976,2023-09-02 00:00:00,285.80566,289.73242,3.9267578,1,2023-09-02
977,2023-09-02 06:00:00,285.21045,288.1306,2.920166,1,2023-09-02
978,2023-09-02 12:00:00,286.64673,293.23438,6.5876465,1,2023-09-02
979,2023-09-02 18:00:00,287.04932,293.1704,6.1210938,1,2023-09-02
980,2023-09-03 00:00:00,286.2837,290.49414,4.210449,1,2023-09-03
981,2023-09-03 06:00:00,285.92554,288.50195,2.576416,1,2023-09-03
982,2023-09-03 12:00:00,285.59644,292.09253,6.4960938,1,2023-09-03
983,2023-09-03 18:00:00,283.49927,289.6018,6.102539,1,2023-09-03
984,2023-09-04 00:00:00,283.21338,288.0327,4.819336,1,2023-09-04
985,2023-09-04 06:00:00,284.5454,287.73242,3.1870117,1,2023-09-04
986,2023-09-04 12:00:00,286.77637,293.02612,6.249756,1,2023-09-04
987,2023-09-04 18:00:00,287.4016,293.55176,6.1501465,1,2023-09-04
988,2023-09-05 00:00:00,288.0852,292.57227,4.4870605,1,2023-09-05
989,2023-09-05 06:00:00,287.573,290.5022,2.9291992,1,2023-09-05
990,2023-09-05 12:00:00,288.24902,294.7422,6.493164,1,2023-09-05
991,2023-09-05 18:00:00,289.1189,295.17554,6.0566406,1,2023-09-05
992,2023-09-06 00:00:00,289.80103,293.13354,3.3325195,1,2023-09-06
993,2023-09-06 06:00:00,289.77124,291.68457,1.9133301,1,2023-09-06
994,2023-09-06 12:00:00,290.52222,296.76758,6.2453613,1,2023-09-06
995,2023-09-06 18:00:00,291.29297,297.30542,6.012451,1,2023-09-06
996,2023-09-07 00:00:00,290.69336,295.56885,4.8754883,1,2023-09-07
997,2023-09-07 06:00:00,289.6936,292.87012,3.1765137,1,2023-09-07
998,2023-09-07 12:00:00,290.4148,297.03198,6.6171875,1,2023-09-07
999,2023-09-07 18:00:00,291.21094,297.29443,6.083496,1,2023-09-07
1000,2023-09-08 00:00:00,290.43677,295.00732,4.5705566,1,2023-09-08
1001,2023-09-08 06:00:00,289.45776,292.66016,3.2023926,1,2023-09-08
1002,2023-09-08 12:00:00,290.7998,297.45288,6.653076,1,2023-09-08
1003,2023-09-08 18:00:00,291.95215,297.89648,5.944336,1,2023-09-08
1004,2023-09-09 00:00:00,291.7788,294.00854,2.2297363,1,2023-09-09
1005,2023-09-09 06:00:00,290.86694,291.812,0.94506836,1,2023-09-09
1006,2023-09-09 12:00:00,291.67773,298.364,6.6862793,1,2023-09-09
1007,2023-09-09 18:00:00,292.83887,298.23193,5.3930664,1,2023-09-09
1008,2023-09-10 00:00:00,292.37842,293.18384,0.8054199,1,2023-09-10
1009,2023-09-10 06:00:00,292.05542,290.54297,-1.5124512,0,2023-09-10
1010,2023-09-10 12:00:00,293.0923,299.85376,6.7614746,1,2023-09-10
1011,2023-09-10 18:00:00,293.9944,299.917,5.9226074,1,2023-09-10
1012,2023-09-11 00:00:00,293.6089,295.97583,2.3669434,1,2023-09-11
1013,2023-09-11 06:00:00,292.71265,293.20337,0.49072266,1,2023-09-11
1014,2023-09-11 12:00:00,293.04517,299.85913,6.813965,1,2023-09-11
1015,2023-09-11 18:00:00,293.46118,298.33838,4.8771973,1,2023-09-11
1016,2023-09-12 00:00:00,293.62378,291.74536,-1.878418,0,2023-09-12
1017,2023-09-12 06:00:00,293.0105,291.07446,-1.9360352,0,2023-09-12
1018,2023-09-12 12:00:00,293.7644,300.6621,6.897705,1,2023-09-12
1019,2023-09-12 18:00:00,294.35107,297.44824,3.097168,1,2023-09-12
1020,2023-09-13 00:00:00,294.41772,292.76416,-1.6535645,0,2023-09-13
1021,2023-09-13 06:00:00,293.83154,293.85498,0.0234375,1,2023-09-13
1022,2023-09-13 12:00:00,291.4131,298.1228,6.709717,1,2023-09-13
1023,2023-09-13 18:00:00,288.09302,293.38647,5.293457,1,2023-09-13
1024,2023-09-14 00:00:00,286.2229,289.7566,3.5336914,1,2023-09-14
1025,2023-09-14 06:00:00,283.9834,288.58203,4.598633,1,2023-09-14
1026,2023-09-14 12:00:00,284.92603,291.44043,6.5144043,1,2023-09-14
1027,2023-09-14 18:00:00,285.83105,291.81104,5.9799805,1,2023-09-14
1028,2023-09-15 00:00:00,284.77197,288.0105,3.2385254,1,2023-09-15
1029,2023-09-15 06:00:00,284.3806,285.8545,1.473877,1,2023-09-15
1030,2023-09-15 12:00:00,284.6975,291.2473,6.5498047,1,2023-09-15
1031,2023-09-15 18:00:00,285.96924,291.34644,5.3771973,1,2023-09-15
1032,2023-09-16 00:00:00,285.63354,287.75977,2.1262207,1,2023-09-16
1033,2023-09-16 06:00:00,285.47168,286.04395,0.5722656,1,2023-09-16
1034,2023-09-16 12:00:00,286.8994,293.511,6.6115723,1,2023-09-16
1035,2023-09-16 18:00:00,289.68506,293.54346,3.8583984,1,2023-09-16
1036,2023-09-17 00:00:00,290.9702,290.8435,-0.12670898,0,2023-09-17
1037,2023-09-17 06:00:00,290.40454,289.5354,-0.8691406,0,2023-09-17
1038,2023-09-17 12:00:00,290.54565,297.33862,6.7929688,1,2023-09-17
1039,2023-09-17 18:00:00,291.55273,297.36768,5.8149414,1,2023-09-17
1040,2023-09-18 00:00:00,292.02197,291.5298,-0.4921875,0,2023-09-18
1041,2023-09-18 06:00:00,291.55518,290.2102,-1.3449707,0,2023-09-18
1042,2023-09-18 12:00:00,292.43042,299.1538,6.7233887,1,2023-09-18
1043,2023-09-18 18:00:00,293.98608,298.83765,4.8515625,1,2023-09-18
1044,2023-09-19 00:00:00,290.20093,292.6953,2.4943848,1,2023-09-19
1045,2023-09-19 06:00:00,286.8186,290.4375,3.6188965,1,2023-09-19
1046,2023-09-19 12:00:00,287.0171,293.59253,6.5754395,1,2023-09-19
1047,2023-09-19 18:00:00,286.78857,291.49292,4.7043457,1,2023-09-19
1048,2023-09-20 00:00:00,286.72412,288.30493,1.5808105,1,2023-09-20
1049,2023-09-20 06:00:00,285.58008,288.15967,2.5795898,1,2023-09-20
1050,2023-09-20 12:00:00,287.74512,294.69116,6.946045,1,2023-09-20
1051,2023-09-20 18:00:00,289.76465,292.96533,3.2006836,1,2023-09-20
1052,2023-09-21 00:00:00,290.8501,291.01465,0.16455078,1,2023-09-21
1053,2023-09-21 06:00:00,290.5022,290.84033,0.33813477,1,2023-09-21
1054,2023-09-21 12:00:00,292.24146,298.37988,6.1384277,1,2023-09-21
1055,2023-09-21 18:00:00,292.94092,297.77954,4.838623,1,2023-09-21
1056,2023-09-22 00:00:00,290.59375,294.40576,3.8120117,1,2023-09-22
1057,2023-09-22 06:00:00,289.44116,292.3518,2.9106445,1,2023-09-22
1058,2023-09-22 12:00:00,288.5332,294.4795,5.946289,1,2023-09-22
1059,2023-09-22 18:00:00,285.35645,289.7915,4.4350586,1,2023-09-22
1060,2023-09-23 00:00:00,284.7329,288.39844,3.6655273,1,2023-09-23
1061,2023-09-23 06:00:00,284.6079,287.13892,2.5310059,1,2023-09-23
1062,2023-09-23 12:00:00,283.53955,290.05713,6.517578,1,2023-09-23
1063,2023-09-23 18:00:00,282.91675,288.87012,5.953369,1,2023-09-23
1064,2023-09-24 00:00:00,283.06738,286.41187,3.3444824,1,2023-09-24
1065,2023-09-24 06:00:00,282.58325,284.8567,2.2734375,1,2023-09-24
1066,2023-09-24 12:00:00,282.9099,289.04004,6.130127,1,2023-09-24
1067,2023-09-24 18:00:00,283.2854,289.3152,6.029785,1,2023-09-24
1068,2023-09-25 00:00:00,283.19507,286.6516,3.456543,1,2023-09-25
1069,2023-09-25 06:00:00,284.06055,285.74756,1.6870117,1,2023-09-25
1070,2023-09-25 12:00:00,285.74316,291.4182,5.675049,1,2023-09-25
1071,2023-09-25 18:00:00,287.2881,292.16577,4.8776855,1,2023-09-25
1072,2023-09-26 00:00:00,286.2683,290.5813,4.3129883,1,2023-09-26
1073,2023-09-26 06:00:00,285.96924,288.8423,2.8730469,1,2023-09-26
1074,2023-09-26 12:00:00,287.06763,293.39648,6.3288574,1,2023-09-26
1075,2023-09-26 18:00:00,290.04224,293.29858,3.2563477,1,2023-09-26
1076,2023-09-27 00:00:00,291.56396,290.9414,-0.6225586,0,2023-09-27
1077,2023-09-27 06:00:00,291.07104,291.1145,0.04345703,1,2023-09-27
1078,2023-09-27 12:00:00,291.10107,297.6814,6.5803223,1,2023-09-27
1079,2023-09-27 18:00:00,291.77783,297.19165,5.4138184,1,2023-09-27
1080,2023-09-28 00:00:00,291.6504,292.0708,0.42041016,1,2023-09-28
1081,2023-09-28 06:00:00,290.97778,289.86963,-1.1081543,0,2023-09-28
1082,2023-09-28 12:00:00,291.20215,297.84888,6.6467285,1,2023-09-28
1083,2023-09-28 18:00:00,291.45703,296.4795,5.022461,1,2023-09-28
1084,2023-09-29 00:00:00,291.1211,291.38818,0.26708984,1,2023-09-29
1085,2023-09-29 06:00:00,290.6084,288.55054,-2.0578613,0,2023-09-29
1086,2023-09-29 12:00:00,291.9297,297.33667,5.4069824,1,2023-09-29
1087,2023-09-29 18:00:00,291.71167,295.8606,4.148926,1,2023-09-29
1088,2023-09-30 00:00:00,290.7495,293.0088,2.2592773,1,2023-09-30
1089,2023-09-30 06:00:00,282.72412,287.2644,4.540283,1,2023-09-30
1090,2023-09-30 12:00:00,282.83105,289.2207,6.3896484,1,2023-09-30
1091,2023-09-30 18:00:00,283.40234,289.22388,5.821533,1,2023-09-30
1092,2023-10-01 00:00:00,282.72656,286.83276,4.106201,1,2023-10-01
1093,2023-10-01 06:00:00,282.75488,286.27197,3.5170898,1,2023-10-01
1094,2023-10-01 12:00:00,283.66895,289.41357,5.744629,1,2023-10-01
1095,2023-10-01 18:00:00,284.13892,289.70776,5.5688477,1,2023-10-01
1096,2023-10-02 00:00:00,284.69995,289.2495,4.5495605,1,2023-10-02
1097,2023-10-02 06:00:00,286.35132,288.2776,1.9262695,1,2023-10-02
1098,2023-10-02 12:00:00,288.07593,293.8369,5.7609863,1,2023-10-02
1099,2023-10-02 18:00:00,289.78833,294.38745,4.599121,1,2023-10-02
1100,2023-10-03 00:00:00,290.56152,290.49487,-0.06665039,0,2023-10-03
1101,2023-10-03 06:00:00,292.1819,288.98267,-3.1992188,0,2023-10-03
1102,2023-10-03 12:00:00,294.58545,298.104,3.5185547,1,2023-10-03
1103,2023-10-03 18:00:00,290.08838,295.49292,5.404541,1,2023-10-03
1104,2023-10-04 00:00:00,281.6433,286.17896,4.5356445,1,2023-10-04
1105,2023-10-04 06:00:00,280.10767,284.84814,4.7404785,1,2023-10-04
1106,2023-10-04 12:00:00,281.7119,286.73096,5.019043,1,2023-10-04
1107,2023-10-04 18:00:00,281.9292,286.9934,5.064209,1,2023-10-04
1108,2023-10-05 00:00:00,281.9016,285.88672,3.9851074,1,2023-10-05
1109,2023-10-05 06:00:00,280.88672,285.14185,4.255127,1,2023-10-05
1110,2023-10-05 12:00:00,282.02368,288.33813,6.314453,1,2023-10-05
1111,2023-10-05 18:00:00,281.31714,285.96948,4.6523438,1,2023-10-05
1112,2023-10-06 00:00:00,281.08423,284.03125,2.9470215,1,2023-10-06
1113,2023-10-06 06:00:00,281.39404,283.18115,1.7871094,1,2023-10-06
1114,2023-10-06 12:00:00,282.59375,288.0476,5.4538574,1,2023-10-06
1115,2023-10-06 18:00:00,283.90942,288.17407,4.2646484,1,2023-10-06
1116,2023-10-07 00:00:00,284.82178,289.31592,4.4941406,1,2023-10-07
1117,2023-10-07 06:00:00,284.75098,289.48877,4.737793,1,2023-10-07
1118,2023-10-07 12:00:00,283.4729,288.50098,5.028076,1,2023-10-07
1119,2023-10-07 18:00:00,280.67017,285.65796,4.987793,1,2023-10-07
1120,2023-10-08 00:00:00,280.15308,284.38257,4.229492,1,2023-10-08
1121,2023-10-08 06:00:00,276.2583,281.03345,4.7751465,1,2023-10-08
1122,2023-10-08 12:00:00,277.3645,283.75366,6.38916,1,2023-10-08
1123,2023-10-08 18:00:00,276.4143,282.13525,5.7209473,1,2023-10-08
1124,2023-10-09 00:00:00,276.9702,280.64453,3.6743164,1,2023-10-09
1125,2023-10-09 06:00:00,277.7307,280.0691,2.338379,1,2023-10-09
1126,2023-10-09 12:00:00,276.7473,282.75635,6.009033,1,2023-10-09
1127,2023-10-09 18:00:00,277.27222,282.66968,5.397461,1,2023-10-09
1128,2023-10-10 00:00:00,277.4524,280.42017,2.9677734,1,2023-10-10
1129,2023-10-10 06:00:00,279.00684,279.6311,0.6242676,1,2023-10-10
1130,2023-10-10 12:00:00,280.52222,282.85425,2.3320312,1,2023-10-10
1131,2023-10-10 18:00:00,281.39697,284.22876,2.831787,1,2023-10-10
1132,2023-10-11 00:00:00,287.01685,285.35034,-1.6665039,0,2023-10-11
1133,2023-10-11 06:00:00,290.58276,287.2915,-3.2912598,0,2023-10-11
1134,2023-10-11 12:00:00,290.68555,293.60254,2.9169922,1,2023-10-11
1135,2023-10-11 18:00:00,290.91846,294.39526,3.4768066,1,2023-10-11
1136,2023-10-12 00:00:00,289.11182,293.20703,4.095215,1,2023-10-12
1137,2023-10-12 06:00:00,285.54736,289.7522,4.204834,1,2023-10-12
1138,2023-10-12 12:00:00,283.125,286.90503,3.7800293,1,2023-10-12
1139,2023-10-12 18:00:00,281.16357,285.5227,4.359131,1,2023-10-12
1140,2023-10-13 00:00:00,281.04907,284.52295,3.473877,1,2023-10-13
1141,2023-10-13 06:00:00,283.9026,284.8103,0.90771484,1,2023-10-13
1142,2023-10-13 12:00:00,286.35864,292.0327,5.6740723,1,2023-10-13
1143,2023-10-13 18:00:00,291.22583,293.4983,2.272461,1,2023-10-13
1144,2023-10-14 00:00:00,293.99805,294.0979,0.099853516,1,2023-10-14
1145,2023-10-14 06:00:00,290.1377,293.10352,2.9658203,1,2023-10-14
1146,2023-10-14 12:00:00,282.23145,287.56372,5.3322754,1,2023-10-14
1147,2023-10-14 18:00:00,280.27393,285.80566,5.5317383,1,2023-10-14
1148,2023-10-15 00:00:00,277.49365,282.52612,5.0324707,1,2023-10-15
1149,2023-10-15 06:00:00,275.28198,280.7942,5.512207,1,2023-10-15
1150,2023-10-15 12:00:00,276.02368,282.45166,6.4279785,1,2023-10-15
1151,2023-10-15 18:00:00,276.2185,281.5354,5.3168945,1,2023-10-15
1152,2023-10-16 00:00:00,275.52148,280.19995,4.678467,1,2023-10-16
1153,2023-10-16 06:00:00,273.8872,278.87744,4.9902344,1,2023-10-16
1154,2023-10-16 12:00:00,275.29712,281.3152,6.0180664,1,2023-10-16
1155,2023-10-16 18:00:00,275.82007,280.92432,5.104248,1,2023-10-16
1156,2023-10-17 00:00:00,275.70142,278.66504,2.963623,1,2023-10-17
1157,2023-10-17 06:00:00,275.17554,277.0332,1.857666,1,2023-10-17
1158,2023-10-17 12:00:00,275.17212,281.30273,6.130615,1,2023-10-17
1159,2023-10-17 18:00:00,275.8694,281.4807,5.611328,1,2023-10-17
1160,2023-10-18 00:00:00,275.51904,279.3462,3.8271484,1,2023-10-18
1161,2023-10-18 06:00:00,276.14282,278.3357,2.192871,1,2023-10-18
1162,2023-10-18 12:00:00,276.84766,283.23706,6.3894043,1,2023-10-18
1163,2023-10-18 18:00:00,277.604,281.84058,4.2365723,1,2023-10-18
1164,2023-10-19 00:00:00,278.56592,280.35864,1.7927246,1,2023-10-19
1165,2023-10-19 06:00:00,278.92554,279.1411,0.21557617,1,2023-10-19
1166,2023-10-19 12:00:00,278.16797,281.93823,3.7702637,1,2023-10-19
1167,2023-10-19 18:00:00,277.18066,281.12256,3.9418945,1,2023-10-19
1168,2023-10-20 00:00:00,276.60645,279.30005,2.6936035,1,2023-10-20
1169,2023-10-20 06:00:00,276.97583,279.00415,2.0283203,1,2023-10-20
1170,2023-10-20 12:00:00,276.45752,277.8401,1.3825684,1,2023-10-20
1171,2023-10-20 18:00:00,278.79468,278.6985,-0.096191406,0,2023-10-20
1172,2023-10-21 00:00:00,281.8435,278.61987,-3.2236328,0,2023-10-21
1173,2023-10-21 06:00:00,285.55103,281.20923,-4.341797,0,2023-10-21
1174,2023-10-21 12:00:00,286.9436,287.13745,0.19384766,1,2023-10-21
1175,2023-10-21 18:00:00,286.34058,291.43457,5.093994,1,2023-10-21
1176,2023-10-22 00:00:00,286.3545,290.40674,4.052246,1,2023-10-22
1177,2023-10-22 06:00:00,285.26562,286.42944,1.1638184,1,2023-10-22
1178,2023-10-22 12:00:00,283.76416,284.98364,1.2194824,1,2023-10-22
1179,2023-10-22 18:00:00,282.3828,284.56055,2.1777344,1,2023-10-22
1180,2023-10-23 00:00:00,282.1626,283.68213,1.5195312,1,2023-10-23
1181,2023-10-23 06:00:00,280.89307,282.47705,1.5839844,1,2023-10-23
1182,2023-10-23 12:00:00,281.48535,286.96045,5.4750977,1,2023-10-23
1183,2023-10-23 18:00:00,281.39966,285.65503,4.255371,1,2023-10-23
1184,2023-10-24 00:00:00,282.1306,281.9297,-0.20092773,0,2023-10-24
1185,2023-10-24 06:00:00,283.2444,282.1931,-1.0512695,0,2023-10-24
1186,2023-10-24 12:00:00,284.93018,286.58423,1.6540527,1,2023-10-24
1187,2023-10-24 18:00:00,284.3015,286.4109,2.109375,1,2023-10-24
1188,2023-10-25 00:00:00,283.51147,284.44092,0.92944336,1,2023-10-25
1189,2023-10-25 06:00:00,281.14087,283.58398,2.4431152,1,2023-10-25
1190,2023-10-25 12:00:00,280.51294,284.58423,4.071289,1,2023-10-25
1191,2023-10-25 18:00:00,280.5183,284.67676,4.1584473,1,2023-10-25
1192,2023-10-26 00:00:00,280.69653,284.77466,4.078125,1,2023-10-26
1193,2023-10-26 06:00:00,280.15234,283.7527,3.6003418,1,2023-10-26
1194,2023-10-26 12:00:00,281.1416,285.71924,4.5776367,1,2023-10-26
1195,2023-10-26 18:00:00,280.2495,284.36084,4.111328,1,2023-10-26
1196,2023-10-27 00:00:00,280.00464,283.4348,3.4301758,1,2023-10-27
1197,2023-10-27 06:00:00,279.0735,283.20825,4.1347656,1,2023-10-27
1198,2023-10-27 12:00:00,278.3816,283.00317,4.621582,1,2023-10-27
1199,2023-10-27 18:00:00,277.8313,281.64575,3.8144531,1,2023-10-27
1200,2023-10-28 00:00:00,277.24902,281.18555,3.9365234,1,2023-10-28
1201,2023-10-28 06:00:00,277.70068,281.02734,3.3266602,1,2023-10-28
1202,2023-10-28 12:00:00,278.2881,281.5962,3.3081055,1,2023-10-28
1203,2023-10-28 18:00:00,279.09863,282.36865,3.2700195,1,2023-10-28
1204,2023-10-29 00:00:00,280.7307,283.3164,2.5856934,1,2023-10-29
1205,2023-10-29 06:00:00,281.82495,283.708,1.8830566,1,2023-10-29
1206,2023-10-29 12:00:00,286.47827,287.15723,0.6789551,1,2023-10-29
1207,2023-10-29 18:00:00,286.2517,288.7417,2.4899902,1,2023-10-29
1208,2023-10-30 00:00:00,285.20215,287.56006,2.3579102,1,2023-10-30
1209,2023-10-30 06:00:00,283.30762,285.8623,2.5546875,1,2023-10-30
1210,2023-10-30 12:00:00,283.79492,288.42456,4.6296387,1,2023-10-30
1211,2023-10-30 18:00:00,284.9829,289.23193,4.2490234,1,2023-10-30
1212,2023-10-31 00:00:00,286.98218,287.15503,0.17285156,1,2023-10-31
1213,2023-10-31 06:00:00,285.91626,288.9038,2.9875488,1,2023-10-31
1214,2023-10-31 12:00:00,281.48364,286.8723,5.388672,1,2023-10-31
1215,2023-10-31 18:00:00,280.14062,285.30737,5.166748,1,2023-10-31
1216,2023-11-01 00:00:00,278.5432,283.76587,5.2226562,1,2023-11-01
1217,2023-11-01 06:00:00,276.66138,280.40698,3.7456055,1,2023-11-01
1218,2023-11-01 12:00:00,278.64673,284.05542,5.4086914,1,2023-11-01
1219,2023-11-01 18:00:00,282.15308,285.5066,3.3535156,1,2023-11-01
1220,2023-11-02 00:00:00,283.96802,285.13916,1.1711426,1,2023-11-02
1221,2023-11-02 06:00:00,283.95947,283.04395,-0.91552734,0,2023-11-02
1222,2023-11-02 12:00:00,281.61548,287.1526,5.5371094,1,2023-11-02
1223,2023-11-02 18:00:00,283.92603,287.864,3.9379883,1,2023-11-02
1224,2023-11-03 00:00:00,283.93457,287.22852,3.2939453,1,2023-11-03
1225,2023-11-03 06:00:00,281.23535,285.0891,3.8537598,1,2023-11-03
1226,2023-11-03 12:00:00,280.65332,284.86743,4.2141113,1,2023-11-03
1227,2023-11-03 18:00:00,280.0652,283.88647,3.821289,1,2023-11-03
1228,2023-11-04 00:00:00,278.3274,282.49878,4.1713867,1,2023-11-04
1229,2023-11-04 06:00:00,277.68457,282.14893,4.4643555,1,2023-11-04
1230,2023-11-04 12:00:00,278.8401,284.27002,5.4299316,1,2023-11-04
1231,2023-11-04 18:00:00,279.93872,283.6438,3.7050781,1,2023-11-04
1232,2023-11-05 00:00:00,279.2102,282.239,3.0288086,1,2023-11-05
1233,2023-11-05 06:00:00,279.90845,283.14893,3.2404785,1,2023-11-05
1234,2023-11-05 12:00:00,281.65625,286.4773,4.821045,1,2023-11-05
1235,2023-11-05 18:00:00,282.1521,285.65137,3.4992676,1,2023-11-05
1236,2023-11-06 00:00:00,280.49414,284.83276,4.338623,1,2023-11-06
1237,2023-11-06 06:00:00,279.21313,283.9756,4.762451,1,2023-11-06
1238,2023-11-06 12:00:00,279.99658,285.41846,5.421875,1,2023-11-06
1239,2023-11-06 18:00:00,280.17944,284.438,4.258545,1,2023-11-06
1240,2023-11-07 00:00:00,279.99463,283.30762,3.3129883,1,2023-11-07
1241,2023-11-07 06:00:00,278.43408,281.92432,3.4902344,1,2023-11-07
1242,2023-11-07 12:00:00,279.01367,284.94067,5.927002,1,2023-11-07
1243,2023-11-07 18:00:00,278.97192,282.5918,3.619873,1,2023-11-07
1244,2023-11-08 00:00:00,277.87427,281.24658,3.3723145,1,2023-11-08
1245,2023-11-08 06:00:00,277.0249,279.31763,2.2927246,1,2023-11-08
1246,2023-11-08 12:00:00,276.74658,282.9673,6.220703,1,2023-11-08
1247,2023-11-08 18:00:00,277.27344,280.63184,3.3583984,1,2023-11-08
1248,2023-11-09 00:00:00,278.37305,278.90894,0.5358887,1,2023-11-09
1249,2023-11-09 06:00:00,279.07104,279.0747,0.0036621094,1,2023-11-09
1250,2023-11-09 12:00:00,281.83667,284.53882,2.7021484,1,2023-11-09
1251,2023-11-09 18:00:00,280.9873,283.68042,2.6931152,1,2023-11-09
1252,2023-11-10 00:00:00,280.3921,282.35693,1.9648438,1,2023-11-10
1253,2023-11-10 06:00:00,279.78394,281.69043,1.9064941,1,2023-11-10
1254,2023-11-10 12:00:00,279.23755,283.87817,4.640625,1,2023-11-10
1255,2023-11-10 18:00:00,278.58374,282.91943,4.3356934,1,2023-11-10
1256,2023-11-11 00:00:00,277.93408,280.84277,2.9086914,1,2023-11-11
1257,2023-11-11 06:00:00,277.27783,280.37915,3.1013184,1,2023-11-11
1258,2023-11-11 12:00:00,277.4109,281.57202,4.161133,1,2023-11-11
1259,2023-11-11 18:00:00,277.0896,281.5398,4.4501953,1,2023-11-11
1260,2023-11-12 00:00:00,276.73242,279.76733,3.034912,1,2023-11-12
1261,2023-11-12 06:00:00,275.6067,277.72046,2.1137695,1,2023-11-12
1262,2023-11-12 12:00:00,274.54712,279.9502,5.403076,1,2023-11-12
1263,2023-11-12 18:00:00,274.88916,279.6526,4.7634277,1,2023-11-12
1264,2023-11-13 00:00:00,275.70215,278.69067,2.9885254,1,2023-11-13
1265,2023-11-13 06:00:00,275.68604,277.1245,1.4384766,1,2023-11-13
1266,2023-11-13 12:00:00,276.7019,281.3921,4.6901855,1,2023-11-13
1267,2023-11-13 18:00:00,276.63477,279.86523,3.2304688,1,2023-11-13
1268,2023-11-14 00:00:00,279.31445,280.95508,1.640625,1,2023-11-14
1269,2023-11-14 06:00:00,279.35034,283.19336,3.8430176,1,2023-11-14
1270,2023-11-14 12:00:00,280.84546,285.75928,4.9138184,1,2023-11-14
1271,2023-11-14 18:00:00,280.35254,284.92554,4.572998,1,2023-11-14
1272,2023-11-15 00:00:00,279.469,283.55078,4.081787,1,2023-11-15
1273,2023-11-15 06:00:00,277.89307,282.1787,4.2856445,1,2023-11-15
1274,2023-11-15 12:00:00,276.50977,281.1499,4.6401367,1,2023-11-15
1275,2023-11-15 18:00:00,275.10425,278.9917,3.8874512,1,2023-11-15
1276,2023-11-16 00:00:00,275.29004,277.24756,1.9575195,1,2023-11-16
1277,2023-11-16 06:00:00,276.03345,277.80176,1.7683105,1,2023-11-16
1278,2023-11-16 12:00:00,276.67285,281.31152,4.638672,1,2023-11-16
1279,2023-11-16 18:00:00,275.4961,279.69458,4.1984863,1,2023-11-16
1280,2023-11-17 00:00:00,273.31128,278.81616,5.504883,1,2023-11-17
1281,2023-11-17 06:00:00,272.6084,276.7727,4.1643066,1,2023-11-17
1282,2023-11-17 12:00:00,272.1455,276.89697,4.751465,1,2023-11-17
1283,2023-11-17 18:00:00,272.26392,276.47388,4.209961,1,2023-11-17
1284,2023-11-18 00:00:00,272.75513,276.5869,3.831787,1,2023-11-18
1285,2023-11-18 06:00:00,271.2881,274.8037,3.515625,1,2023-11-18
1286,2023-11-18 12:00:00,271.01416,276.0564,5.0422363,1,2023-11-18
1287,2023-11-18 18:00:00,271.4878,275.43555,3.947754,1,2023-11-18
1288,2023-11-19 00:00:00,271.1775,273.89307,2.7155762,1,2023-11-19
1289,2023-11-19 06:00:00,272.61108,274.4519,1.8408203,1,2023-11-19
1290,2023-11-19 12:00:00,273.47095,274.7356,1.2646484,1,2023-11-19
1291,2023-11-19 18:00:00,278.84497,282.25854,3.4135742,1,2023-11-19
1292,2023-11-20 00:00:00,278.5127,281.78247,3.2697754,1,2023-11-20
1293,2023-11-20 06:00:00,277.73242,281.56177,3.8293457,1,2023-11-20
1294,2023-11-20 12:00:00,278.6372,281.97876,3.3415527,1,2023-11-20
1295,2023-11-20 18:00:00,278.11353,282.1455,4.0319824,1,2023-11-20
1296,2023-11-21 00:00:00,278.14233,278.937,0.79467773,1,2023-11-21
1297,2023-11-21 06:00:00,275.5017,274.04272,-1.4589844,0,2023-11-21
1298,2023-11-21 12:00:00,270.71704,272.74805,2.0310059,1,2023-11-21
1299,2023-11-21 18:00:00,266.75586,272.34302,5.587158,1,2023-11-21
1300,2023-11-22 00:00:00,266.50366,270.36646,3.862793,1,2023-11-22
1301,2023-11-22 06:00:00,268.1089,268.51,0.40112305,1,2023-11-22
1302,2023-11-22 12:00:00,269.2202,271.4673,2.2470703,1,2023-11-22
1303,2023-11-22 18:00:00,269.0852,271.26733,2.182129,1,2023-11-22
1304,2023-11-23 00:00:00,269.00952,271.21167,2.2021484,1,2023-11-23
1305,2023-11-23 06:00:00,273.93115,275.7505,1.8193359,1,2023-11-23
1306,2023-11-23 12:00:00,277.06006,280.2041,3.144043,1,2023-11-23
1307,2023-11-23 18:00:00,279.07617,283.77466,4.6984863,1,2023-11-23
1308,2023-11-24 00:00:00,276.05347,280.81445,4.7609863,1,2023-11-24
1309,2023-11-24 06:00:00,273.01636,277.6604,4.644043,1,2023-11-24
1310,2023-11-24 12:00:00,273.53003,277.71387,4.183838,1,2023-11-24
1311,2023-11-24 18:00:00,271.6848,276.09668,4.411865,1,2023-11-24
1312,2023-11-25 00:00:00,270.99707,275.19556,4.1984863,1,2023-11-25
1313,2023-11-25 06:00:00,270.2041,273.08032,2.8762207,1,2023-11-25
1314,2023-11-25 12:00:00,270.48877,275.10425,4.6154785,1,2023-11-25
1315,2023-11-25 18:00:00,269.58984,273.39038,3.800537,1,2023-11-25
1316,2023-11-26 00:00:00,268.83276,271.65894,2.8261719,1,2023-11-26
1317,2023-11-26 06:00:00,267.67334,270.71094,3.0375977,1,2023-11-26
1318,2023-11-26 12:00:00,268.15112,273.20117,5.050049,1,2023-11-26
1319,2023-11-26 18:00:00,268.10498,271.90088,3.7958984,1,2023-11-26
1320,2023-11-27 00:00:00,268.72974,272.09326,3.3635254,1,2023-11-27
1321,2023-11-27 06:00:00,268.33057,271.8816,3.5510254,1,2023-11-27
1322,2023-11-27 12:00:00,268.8667,273.79663,4.9299316,1,2023-11-27
1323,2023-11-27 18:00:00,268.37158,273.61768,5.2460938,1,2023-11-27
1324,2023-11-28 00:00:00,267.77734,272.70874,4.9313965,1,2023-11-28
1325,2023-11-28 06:00:00,267.77124,271.56348,3.7922363,1,2023-11-28
1326,2023-11-28 12:00:00,267.38647,271.72632,4.3398438,1,2023-11-28
1327,2023-11-28 18:00:00,268.4043,271.08374,2.6794434,1,2023-11-28
1328,2023-11-29 00:00:00,266.94775,271.1223,4.1745605,1,2023-11-29
1329,2023-11-29 06:00:00,265.31006,270.46143,5.151367,1,2023-11-29
1330,2023-11-29 12:00:00,267.91504,271.4453,3.5302734,1,2023-11-29
1331,2023-11-29 18:00:00,269.79053,271.5791,1.7885742,1,2023-11-29
1332,2023-11-30 00:00:00,269.49487,272.57715,3.0822754,1,2023-11-30
1333,2023-11-30 06:00:00,267.3098,272.03735,4.727539,1,2023-11-30
1334,2023-11-30 12:00:00,269.35596,272.64795,3.2919922,1,2023-11-30
1335,2023-11-30 18:00:00,269.08276,272.45166,3.3688965,1,2023-11-30
1336,2023-12-01 00:00:00,269.05566,271.98828,2.9326172,1,2023-12-01
1337,2023-12-01 06:00:00,268.35205,271.4795,3.1274414,1,2023-12-01
1338,2023-12-01 12:00:00,268.40942,268.4485,0.0390625,1,2023-12-01
1339,2023-12-01 18:00:00,268.81982,268.6687,-0.15112305,0,2023-12-01
1340,2023-12-02 00:00:00,268.1963,270.01025,1.8139648,1,2023-12-02
1341,2023-12-02 06:00:00,267.91577,270.7351,2.819336,1,2023-12-02
1342,2023-12-02 12:00:00,268.21045,271.146,2.9355469,1,2023-12-02
1343,2023-12-02 18:00:00,268.6294,270.66333,2.0339355,1,2023-12-02
1344,2023-12-03 00:00:00,269.35596,270.896,1.5400391,1,2023-12-03
1345,2023-12-03 06:00:00,267.24414,270.7124,3.4682617,1,2023-12-03
1346,2023-12-03 12:00:00,265.92847,271.21924,5.2907715,1,2023-12-03
1347,2023-12-03 18:00:00,267.15845,270.2693,3.1108398,1,2023-12-03
1348,2023-12-04 00:00:00,267.81543,268.8777,1.0622559,1,2023-12-04
1349,2023-12-04 06:00:00,270.05298,268.65698,-1.3959961,0,2023-12-04
1350,2023-12-04 12:00:00,270.0974,271.3098,1.2124023,1,2023-12-04
1351,2023-12-04 18:00:00,270.8015,268.9292,-1.8723145,0,2023-12-04
1352,2023-12-05 00:00:00,268.94067,269.28345,0.34277344,1,2023-12-05
1353,2023-12-05 06:00:00,269.35547,268.25513,-1.1003418,0,2023-12-05
1354,2023-12-05 12:00:00,269.61548,270.0752,0.4597168,1,2023-12-05
1355,2023-12-05 18:00:00,269.24487,268.35596,-0.888916,0,2023-12-05
1356,2023-12-06 00:00:00,271.35107,269.2605,-2.0905762,0,2023-12-06
1357,2023-12-06 06:00:00,272.80786,268.26465,-4.543213,0,2023-12-06
1358,2023-12-06 12:00:00,273.438,270.38794,-3.0500488,0,2023-12-06
1359,2023-12-06 18:00:00,272.00146,270.7329,-1.2685547,0,2023-12-06
1360,2023-12-07 00:00:00,271.40698,270.69287,-0.7141113,0,2023-12-07
1361,2023-12-07 06:00:00,270.9453,270.36182,-0.5834961,0,2023-12-07
1362,2023-12-07 12:00:00,270.92822,271.60913,0.6809082,1,2023-12-07
1363,2023-12-07 18:00:00,271.0896,271.9641,0.8745117,1,2023-12-07
1364,2023-12-08 00:00:00,271.2915,272.3379,1.0463867,1,2023-12-08
1365,2023-12-08 06:00:00,271.35986,271.9148,0.55493164,1,2023-12-08
1366,2023-12-08 12:00:00,271.99512,273.2964,1.3012695,1,2023-12-08
1367,2023-12-08 18:00:00,270.93896,272.44043,1.5014648,1,2023-12-08
1368,2023-12-09 00:00:00,270.3755,272.42822,2.0527344,1,2023-12-09
1369,2023-12-09 06:00:00,271.32446,272.9348,1.6103516,1,2023-12-09
1370,2023-12-09 12:00:00,274.5232,274.64502,0.12182617,1,2023-12-09
1371,2023-12-09 18:00:00,275.15186,275.51172,0.35986328,1,2023-12-09
1372,2023-12-10 00:00:00,274.47412,273.33716,-1.1369629,0,2023-12-10
1373,2023-12-10 06:00:00,272.12573,274.23022,2.1044922,1,2023-12-10
1374,2023-12-10 12:00:00,274.9663,275.59814,0.63183594,1,2023-12-10
1375,2023-12-10 18:00:00,275.89087,279.6836,3.7927246,1,2023-12-10
1376,2023-12-11 00:00:00,277.5586,279.26782,1.7092285,1,2023-12-11
1377,2023-12-11 06:00:00,275.0979,278.81226,3.7143555,1,2023-12-11
1378,2023-12-11 12:00:00,277.5149,282.02026,4.505371,1,2023-12-11
1379,2023-12-11 18:00:00,277.4275,281.14014,3.7126465,1,2023-12-11
1380,2023-12-12 00:00:00,277.2964,280.5957,3.2993164,1,2023-12-12
1381,2023-12-12 06:00:00,273.82983,277.63354,3.803711,1,2023-12-12
1382,2023-12-12 12:00:00,274.51245,278.47998,3.9675293,1,2023-12-12
1383,2023-12-12 18:00:00,274.70142,277.7434,3.0419922,1,2023-12-12
1384,2023-12-13 00:00:00,275.6477,278.36548,2.7177734,1,2023-12-13
1385,2023-12-13 06:00:00,276.0891,276.73657,0.64746094,1,2023-12-13
1386,2023-12-13 12:00:00,275.07935,277.89526,2.815918,1,2023-12-13
1387,2023-12-13 18:00:00,273.91748,276.854,2.9365234,1,2023-12-13
1388,2023-12-14 00:00:00,274.58716,276.43848,1.8513184,1,2023-12-14
1389,2023-12-14 06:00:00,272.37427,275.0327,2.6584473,1,2023-12-14
1390,2023-12-14 12:00:00,272.3025,275.06104,2.758545,1,2023-12-14
1391,2023-12-14 18:00:00,271.29883,274.02515,2.7263184,1,2023-12-14
1392,2023-12-15 00:00:00,271.27026,274.48145,3.2111816,1,2023-12-15
1393,2023-12-15 06:00:00,270.66626,273.41895,2.7526855,1,2023-12-15
1394,2023-12-15 12:00:00,271.87012,274.70337,2.833252,1,2023-12-15
1395,2023-12-15 18:00:00,271.4187,275.40698,3.9882812,1,2023-12-15
1396,2023-12-16 00:00:00,274.8506,276.55347,1.7028809,1,2023-12-16
1397,2023-12-16 06:00:00,272.9331,277.19043,4.257324,1,2023-12-16
1398,2023-12-16 12:00:00,274.49683,278.4619,3.965088,1,2023-12-16
1399,2023-12-16 18:00:00,275.52466,278.38354,2.8588867,1,2023-12-16
1400,2023-12-17 00:00:00,276.90723,279.1919,2.284668,1,2023-12-17
1401,2023-12-17 06:00:00,275.98462,278.96655,2.9819336,1,2023-12-17
1402,2023-12-17 12:00:00,276.36597,279.84717,3.4812012,1,2023-12-17
1403,2023-12-17 18:00:00,284.6665,279.6494,-5.01709,0,2023-12-17
1404,2023-12-18 00:00:00,278.98315,279.50195,0.5187988,1,2023-12-18
1405,2023-12-18 06:00:00,275.2185,278.7527,3.5341797,1,2023-12-18
1406,2023-12-18 12:00:00,279.20825,278.6526,-0.55566406,0,2023-12-18
1407,2023-12-18 18:00:00,279.2815,278.31372,-0.96777344,0,2023-12-18
1408,2023-12-19 00:00:00,281.2473,278.50122,-2.7460938,0,2023-12-19
1409,2023-12-19 06:00:00,279.50537,278.7588,-0.74658203,0,2023-12-19
1410,2023-12-19 12:00:00,278.03394,279.08643,1.0524902,1,2023-12-19
1411,2023-12-19 18:00:00,275.69238,278.896,3.2036133,1,2023-12-19
1412,2023-12-20 00:00:00,276.02466,279.13867,3.1140137,1,2023-12-20
1413,2023-12-20 06:00:00,275.0027,279.06665,4.063965,1,2023-12-20
1414,2023-12-20 12:00:00,273.9436,278.76245,4.8188477,1,2023-12-20
1415,2023-12-20 18:00:00,273.0713,277.76855,4.6972656,1,2023-12-20
1416,2023-12-21 00:00:00,272.86768,277.41992,4.552246,1,2023-12-21
1417,2023-12-21 06:00:00,275.71802,279.07056,3.352539,1,2023-12-21
1418,2023-12-21 12:00:00,277.11816,281.58838,4.470215,1,2023-12-21
1419,2023-12-21 18:00:00,278.0254,282.54468,4.519287,1,2023-12-21
1420,2023-12-22 00:00:00,274.76416,279.34888,4.584717,1,2023-12-22
1421,2023-12-22 06:00:00,272.45508,277.01025,4.555176,1,2023-12-22
1422,2023-12-22 12:00:00,273.0376,277.6543,4.616699,1,2023-12-22
1423,2023-12-22 18:00:00,272.21338,276.9978,4.784424,1,2023-12-22
1424,2023-12-23 00:00:00,271.29053,276.08374,4.793213,1,2023-12-23
1425,2023-12-23 06:00:00,270.17065,274.80396,4.633301,1,2023-12-23
1426,2023-12-23 12:00:00,271.28442,276.09424,4.8098145,1,2023-12-23
1427,2023-12-23 18:00:00,270.8745,275.38843,4.513916,1,2023-12-23
1428,2023-12-24 00:00:00,270.6848,274.72388,4.0390625,1,2023-12-24
1429,2023-12-24 06:00:00,271.0642,274.26758,3.2033691,1,2023-12-24
1430,2023-12-24 12:00:00,276.4619,276.00122,-0.46069336,0,2023-12-24
1431,2023-12-24 18:00:00,279.33154,283.1289,3.7973633,1,2023-12-24
1432,2023-12-25 00:00:00,280.68652,284.74512,4.0585938,1,2023-12-25
1433,2023-12-25 06:00:00,278.6953,282.92236,4.227051,1,2023-12-25
1434,2023-12-25 12:00:00,278.20044,283.2251,5.024658,1,2023-12-25
1435,2023-12-25 18:00:00,276.76685,281.3628,4.5959473,1,2023-12-25
1436,2023-12-26 00:00:00,277.30713,280.6233,3.316162,1,2023-12-26
1437,2023-12-26 06:00:00,279.57495,283.42993,3.8549805,1,2023-12-26
1438,2023-12-26 12:00:00,277.10913,282.46655,5.357422,1,2023-12-26
1439,2023-12-26 18:00:00,276.09058,281.14014,5.0495605,1,2023-12-26
1440,2023-12-27 00:00:00,272.59985,277.3103,4.710449,1,2023-12-27
1441,2023-12-27 06:00:00,272.1079,276.30762,4.199707,1,2023-12-27
1442,2023-12-27 12:00:00,272.52905,277.3855,4.8564453,1,2023-12-27
1443,2023-12-27 18:00:00,273.34595,276.3767,3.0307617,1,2023-12-27
1444,2023-12-28 00:00:00,277.04028,275.3838,-1.6564941,0,2023-12-28
1445,2023-12-28 06:00:00,279.0581,279.00415,-0.053955078,0,2023-12-28
1446,2023-12-28 12:00:00,277.96948,281.71997,3.7504883,1,2023-12-28
1447,2023-12-28 18:00:00,277.73096,280.62842,2.897461,1,2023-12-28
1448,2023-12-29 00:00:00,277.77637,280.4082,2.631836,1,2023-12-29
1449,2023-12-29 06:00:00,276.9724,280.64648,3.6740723,1,2023-12-29
1450,2023-12-29 12:00:00,277.9834,283.32812,5.3447266,1,2023-12-29
1451,2023-12-29 18:00:00,278.2002,282.47632,4.276123,1,2023-12-29
1452,2023-12-30 00:00:00,278.05884,282.45386,4.3950195,1,2023-12-30
1453,2023-12-30 06:00:00,275.7417,280.42407,4.682373,1,2023-12-30
1454,2023-12-30 12:00:00,274.22363,279.75708,5.5334473,1,2023-12-30
1455,2023-12-30 18:00:00,274.28882,278.4607,4.171875,1,2023-12-30
1456,2023-12-31 00:00:00,274.85718,276.7224,1.8652344,1,2023-12-31
1457,2023-12-31 06:00:00,276.42212,275.47046,-0.95166016,0,2023-12-31
1458,2023-12-31 12:00:00,276.89062,278.94727,2.0566406,1,2023-12-31
1459,2023-12-31 18:00:00,277.02832,278.83105,1.8027344,1,2023-12-31
